Date,Time,Usage Percentage,Special Events,Is Weekend
2023-03-01,00:00:00,6.11,Normal day,False
2023-03-01,00:30:00,17.08,Normal day,False
2023-03-01,01:00:00,8.53,Normal day,False
2023-03-01,01:30:00,14.7,Normal day,False
2023-03-01,02:00:00,14.17,Normal day,False
2023-03-01,02:30:00,6.63,Normal day,False
2023-03-01,03:00:00,9.13,Normal day,False
2023-03-01,03:30:00,8.96,Normal day,False
2023-03-01,04:00:00,8.67,Normal day,False
2023-03-01,04:30:00,10.54,Normal day,False
2023-03-01,05:00:00,50.96,Normal day,False
2023-03-01,05:30:00,57.51,Normal day,False
2023-03-01,06:00:00,47.64,Normal day,False
2023-03-01,06:30:00,51.51,Normal day,False
2023-03-01,07:00:00,60.42,Normal day,False
2023-03-01,07:30:00,46.58,Normal day,False
2023-03-01,08:00:00,63.58,Normal day,False
2023-03-01,08:30:00,69.59,Normal day,False
2023-03-01,09:00:00,16.1,Normal day,False
2023-03-01,09:30:00,20.67,Normal day,False
2023-03-01,10:00:00,20.4,Normal day,False
2023-03-01,10:30:00,14.66,Normal day,False
2023-03-01,11:00:00,13.83,Normal day,False
2023-03-01,11:30:00,12.22,Normal day,False
2023-03-01,12:00:00,47.59,Normal day,False
2023-03-01,12:30:00,37.53,Normal day,False
2023-03-01,13:00:00,36.22,Normal day,False
2023-03-01,13:30:00,41.81,Normal day,False
2023-03-01,14:00:00,24.89,Normal day,False
2023-03-01,14:30:00,17.84,Normal day,False
2023-03-01,15:00:00,21.67,Normal day,False
2023-03-01,15:30:00,21.79,Normal day,False
2023-03-01,16:00:00,12.84,Normal day,False
2023-03-01,16:30:00,24.46,Normal day,False
2023-03-01,17:00:00,21.46,Normal day,False
2023-03-01,17:30:00,22.62,Normal day,False
2023-03-01,18:00:00,56.43,Normal day,False
2023-03-01,18:30:00,65.73,Normal day,False
2023-03-01,19:00:00,79.28,Normal day,False
2023-03-01,19:30:00,72.54,Normal day,False
2023-03-01,20:00:00,90.91,Normal day,False
2023-03-01,20:30:00,75.93,Normal day,False
2023-03-01,21:00:00,84.89,Normal day,False
2023-03-01,21:30:00,68.1,Normal day,False
2023-03-01,22:00:00,7.89,Normal day,False
2023-03-01,22:30:00,8.98,Normal day,False
2023-03-01,23:00:00,13.32,Normal day,False
2023-03-01,23:30:00,12.73,Normal day,False
2023-03-02,00:00:00,12.16,Normal day,False
2023-03-02,00:30:00,10.65,Normal day,False
2023-03-02,01:00:00,13.04,Normal day,False
2023-03-02,01:30:00,10.06,Normal day,False
2023-03-02,02:00:00,13.58,Normal day,False
2023-03-02,02:30:00,10.56,Normal day,False
2023-03-02,03:00:00,14.95,Normal day,False
2023-03-02,03:30:00,16.61,Normal day,False
2023-03-02,04:00:00,9.07,Normal day,False
2023-03-02,04:30:00,8.78,Normal day,False
2023-03-02,05:00:00,67.83,Normal day,False
2023-03-02,05:30:00,55.72,Normal day,False
2023-03-02,06:00:00,65.78,Normal day,False
2023-03-02,06:30:00,45.93,Normal day,False
2023-03-02,07:00:00,64.13,Normal day,False
2023-03-02,07:30:00,60.55,Normal day,False
2023-03-02,08:00:00,43.82,Normal day,False
2023-03-02,08:30:00,67.16,Normal day,False
2023-03-02,09:00:00,21.72,Normal day,False
2023-03-02,09:30:00,16.9,Normal day,False
2023-03-02,10:00:00,12.54,Normal day,False
2023-03-02,10:30:00,14.37,Normal day,False
2023-03-02,11:00:00,10.67,Normal day,False
2023-03-02,11:30:00,14.2,Normal day,False
2023-03-02,12:00:00,58.11,Normal day,False
2023-03-02,12:30:00,52.55,Normal day,False
2023-03-02,13:00:00,32.67,Normal day,False
2023-03-02,13:30:00,40.44,Normal day,False
2023-03-02,14:00:00,13.8,Normal day,False
2023-03-02,14:30:00,18.28,Normal day,False
2023-03-02,15:00:00,16.88,Normal day,False
2023-03-02,15:30:00,21.17,Normal day,False
2023-03-02,16:00:00,18.51,Normal day,False
2023-03-02,16:30:00,22.47,Normal day,False
2023-03-02,17:00:00,18.1,Normal day,False
2023-03-02,17:30:00,24.19,Normal day,False
2023-03-02,18:00:00,74.94,Normal day,False
2023-03-02,18:30:00,75.89,Normal day,False
2023-03-02,19:00:00,73.52,Normal day,False
2023-03-02,19:30:00,80.35,Normal day,False
2023-03-02,20:00:00,78.62,Normal day,False
2023-03-02,20:30:00,64.62,Normal day,False
2023-03-02,21:00:00,51.33,Normal day,False
2023-03-02,21:30:00,81.5,Normal day,False
2023-03-02,22:00:00,11.88,Normal day,False
2023-03-02,22:30:00,6.76,Normal day,False
2023-03-02,23:00:00,7.85,Normal day,False
2023-03-02,23:30:00,15.99,Normal day,False
2023-03-03,00:00:00,12.08,Normal day,False
2023-03-03,00:30:00,5.99,Normal day,False
2023-03-03,01:00:00,7.84,Normal day,False
2023-03-03,01:30:00,16.49,Normal day,False
2023-03-03,02:00:00,8.08,Normal day,False
2023-03-03,02:30:00,12.88,Normal day,False
2023-03-03,03:00:00,5.92,Normal day,False
2023-03-03,03:30:00,12.89,Normal day,False
2023-03-03,04:00:00,13.12,Normal day,False
2023-03-03,04:30:00,11.15,Normal day,False
2023-03-03,05:00:00,58.19,Normal day,False
2023-03-03,05:30:00,64.44,Normal day,False
2023-03-03,06:00:00,62.14,Normal day,False
2023-03-03,06:30:00,44.62,Normal day,False
2023-03-03,07:00:00,60.19,Normal day,False
2023-03-03,07:30:00,45.39,Normal day,False
2023-03-03,08:00:00,49.99,Normal day,False
2023-03-03,08:30:00,58.01,Normal day,False
2023-03-03,09:00:00,10.93,Normal day,False
2023-03-03,09:30:00,16.7,Normal day,False
2023-03-03,10:00:00,21.56,Normal day,False
2023-03-03,10:30:00,12.94,Normal day,False
2023-03-03,11:00:00,15.93,Normal day,False
2023-03-03,11:30:00,19.92,Normal day,False
2023-03-03,12:00:00,35.11,Normal day,False
2023-03-03,12:30:00,40.64,Normal day,False
2023-03-03,13:00:00,38.12,Normal day,False
2023-03-03,13:30:00,48.08,Normal day,False
2023-03-03,14:00:00,19.95,Normal day,False
2023-03-03,14:30:00,23.83,Normal day,False
2023-03-03,15:00:00,27.01,Normal day,False
2023-03-03,15:30:00,14.07,Normal day,False
2023-03-03,16:00:00,24.3,Normal day,False
2023-03-03,16:30:00,13.19,Normal day,False
2023-03-03,17:00:00,16.57,Normal day,False
2023-03-03,17:30:00,21.94,Normal day,False
2023-03-03,18:00:00,66.94,Normal day,False
2023-03-03,18:30:00,63.61,Normal day,False
2023-03-03,19:00:00,78.11,Normal day,False
2023-03-03,19:30:00,76.78,Normal day,False
2023-03-03,20:00:00,83.75,Normal day,False
2023-03-03,20:30:00,73.75,Normal day,False
2023-03-03,21:00:00,60.06,Normal day,False
2023-03-03,21:30:00,74.19,Normal day,False
2023-03-03,22:00:00,5.66,Normal day,False
2023-03-03,22:30:00,13.42,Normal day,False
2023-03-03,23:00:00,10.69,Normal day,False
2023-03-03,23:30:00,14.64,Normal day,False
2023-03-04,00:00:00,6.84,Normal day,True
2023-03-04,00:30:00,9.89,Normal day,True
2023-03-04,01:00:00,5.77,Normal day,True
2023-03-04,01:30:00,14.87,Normal day,True
2023-03-04,02:00:00,11.53,Normal day,True
2023-03-04,02:30:00,10.59,Normal day,True
2023-03-04,03:00:00,7.72,Normal day,True
2023-03-04,03:30:00,9.02,Normal day,True
2023-03-04,04:00:00,10.32,Normal day,True
2023-03-04,04:30:00,14.35,Normal day,True
2023-03-04,05:00:00,5.19,Normal day,True
2023-03-04,05:30:00,10.21,Normal day,True
2023-03-04,06:00:00,12.52,Normal day,True
2023-03-04,06:30:00,6.48,Normal day,True
2023-03-04,07:00:00,59.74,Normal day,True
2023-03-04,07:30:00,67.29,Normal day,True
2023-03-04,08:00:00,56.81,Normal day,True
2023-03-04,08:30:00,55.41,Normal day,True
2023-03-04,09:00:00,79.59,Normal day,True
2023-03-04,09:30:00,66.79,Normal day,True
2023-03-04,10:00:00,67.72,Normal day,True
2023-03-04,10:30:00,63.1,Normal day,True
2023-03-04,11:00:00,49.69,Normal day,True
2023-03-04,11:30:00,37.0,Normal day,True
2023-03-04,12:00:00,48.6,Normal day,True
2023-03-04,12:30:00,55.38,Normal day,True
2023-03-04,13:00:00,59.85,Normal day,True
2023-03-04,13:30:00,44.51,Normal day,True
2023-03-04,14:00:00,49.01,Normal day,True
2023-03-04,14:30:00,43.45,Normal day,True
2023-03-04,15:00:00,58.09,Normal day,True
2023-03-04,15:30:00,41.52,Normal day,True
2023-03-04,16:00:00,52.63,Normal day,True
2023-03-04,16:30:00,36.63,Normal day,True
2023-03-04,17:00:00,44.82,Normal day,True
2023-03-04,17:30:00,37.53,Normal day,True
2023-03-04,18:00:00,83.65,Normal day,True
2023-03-04,18:30:00,71.68,Normal day,True
2023-03-04,19:00:00,67.4,Normal day,True
2023-03-04,19:30:00,87.33,Normal day,True
2023-03-04,20:00:00,81.14,Normal day,True
2023-03-04,20:30:00,72.21,Normal day,True
2023-03-04,21:00:00,85.6,Normal day,True
2023-03-04,21:30:00,76.37,Normal day,True
2023-03-04,22:00:00,90.94,Normal day,True
2023-03-04,22:30:00,83.07,Normal day,True
2023-03-04,23:00:00,9.14,Normal day,True
2023-03-04,23:30:00,11.06,Normal day,True
2023-03-05,00:00:00,7.1,Normal day,True
2023-03-05,00:30:00,8.85,Normal day,True
2023-03-05,01:00:00,11.04,Normal day,True
2023-03-05,01:30:00,16.26,Normal day,True
2023-03-05,02:00:00,15.16,Normal day,True
2023-03-05,02:30:00,9.31,Normal day,True
2023-03-05,03:00:00,11.23,Normal day,True
2023-03-05,03:30:00,12.37,Normal day,True
2023-03-05,04:00:00,10.71,Normal day,True
2023-03-05,04:30:00,13.95,Normal day,True
2023-03-05,05:00:00,9.25,Normal day,True
2023-03-05,05:30:00,14.77,Normal day,True
2023-03-05,06:00:00,8.25,Normal day,True
2023-03-05,06:30:00,10.59,Normal day,True
2023-03-05,07:00:00,54.81,Normal day,True
2023-03-05,07:30:00,76.05,Normal day,True
2023-03-05,08:00:00,62.23,Normal day,True
2023-03-05,08:30:00,66.26,Normal day,True
2023-03-05,09:00:00,67.63,Normal day,True
2023-03-05,09:30:00,77.77,Normal day,True
2023-03-05,10:00:00,80.66,Normal day,True
2023-03-05,10:30:00,69.91,Normal day,True
2023-03-05,11:00:00,46.69,Normal day,True
2023-03-05,11:30:00,59.09,Normal day,True
2023-03-05,12:00:00,40.19,Normal day,True
2023-03-05,12:30:00,39.57,Normal day,True
2023-03-05,13:00:00,56.81,Normal day,True
2023-03-05,13:30:00,42.96,Normal day,True
2023-03-05,14:00:00,51.02,Normal day,True
2023-03-05,14:30:00,44.33,Normal day,True
2023-03-05,15:00:00,53.12,Normal day,True
2023-03-05,15:30:00,46.69,Normal day,True
2023-03-05,16:00:00,55.06,Normal day,True
2023-03-05,16:30:00,46.2,Normal day,True
2023-03-05,17:00:00,42.6,Normal day,True
2023-03-05,17:30:00,45.51,Normal day,True
2023-03-05,18:00:00,86.27,Normal day,True
2023-03-05,18:30:00,75.24,Normal day,True
2023-03-05,19:00:00,75.71,Normal day,True
2023-03-05,19:30:00,62.7,Normal day,True
2023-03-05,20:00:00,72.23,Normal day,True
2023-03-05,20:30:00,100.0,Normal day,True
2023-03-05,21:00:00,89.48,Normal day,True
2023-03-05,21:30:00,74.41,Normal day,True
2023-03-05,22:00:00,85.18,Normal day,True
2023-03-05,22:30:00,88.03,Normal day,True
2023-03-05,23:00:00,12.41,Normal day,True
2023-03-05,23:30:00,15.11,Normal day,True
2023-03-06,00:00:00,13.48,Normal day,False
2023-03-06,00:30:00,14.46,Normal day,False
2023-03-06,01:00:00,13.81,Normal day,False
2023-03-06,01:30:00,10.77,Normal day,False
2023-03-06,02:00:00,16.57,Normal day,False
2023-03-06,02:30:00,14.47,Normal day,False
2023-03-06,03:00:00,15.04,Normal day,False
2023-03-06,03:30:00,13.88,Normal day,False
2023-03-06,04:00:00,8.23,Normal day,False
2023-03-06,04:30:00,6.38,Normal day,False
2023-03-06,05:00:00,58.24,Normal day,False
2023-03-06,05:30:00,61.66,Normal day,False
2023-03-06,06:00:00,46.83,Normal day,False
2023-03-06,06:30:00,55.93,Normal day,False
2023-03-06,07:00:00,61.08,Normal day,False
2023-03-06,07:30:00,47.77,Normal day,False
2023-03-06,08:00:00,65.43,Normal day,False
2023-03-06,08:30:00,52.69,Normal day,False
2023-03-06,09:00:00,15.76,Normal day,False
2023-03-06,09:30:00,19.26,Normal day,False
2023-03-06,10:00:00,18.19,Normal day,False
2023-03-06,10:30:00,14.73,Normal day,False
2023-03-06,11:00:00,14.86,Normal day,False
2023-03-06,11:30:00,13.81,Normal day,False
2023-03-06,12:00:00,40.75,Normal day,False
2023-03-06,12:30:00,45.62,Normal day,False
2023-03-06,13:00:00,56.92,Normal day,False
2023-03-06,13:30:00,31.6,Normal day,False
2023-03-06,14:00:00,11.8,Normal day,False
2023-03-06,14:30:00,22.21,Normal day,False
2023-03-06,15:00:00,17.46,Normal day,False
2023-03-06,15:30:00,22.85,Normal day,False
2023-03-06,16:00:00,20.96,Normal day,False
2023-03-06,16:30:00,20.49,Normal day,False
2023-03-06,17:00:00,18.88,Normal day,False
2023-03-06,17:30:00,21.46,Normal day,False
2023-03-06,18:00:00,69.45,Normal day,False
2023-03-06,18:30:00,75.32,Normal day,False
2023-03-06,19:00:00,90.15,Normal day,False
2023-03-06,19:30:00,89.23,Normal day,False
2023-03-06,20:00:00,79.58,Normal day,False
2023-03-06,20:30:00,85.7,Normal day,False
2023-03-06,21:00:00,59.71,Normal day,False
2023-03-06,21:30:00,65.86,Normal day,False
2023-03-06,22:00:00,11.29,Normal day,False
2023-03-06,22:30:00,8.7,Normal day,False
2023-03-06,23:00:00,8.19,Normal day,False
2023-03-06,23:30:00,15.43,Normal day,False
2023-03-07,00:00:00,11.93,Normal day,False
2023-03-07,00:30:00,15.0,Normal day,False
2023-03-07,01:00:00,10.0,Normal day,False
2023-03-07,01:30:00,6.51,Normal day,False
2023-03-07,02:00:00,6.16,Normal day,False
2023-03-07,02:30:00,11.15,Normal day,False
2023-03-07,03:00:00,12.26,Normal day,False
2023-03-07,03:30:00,10.24,Normal day,False
2023-03-07,04:00:00,6.6,Normal day,False
2023-03-07,04:30:00,10.7,Normal day,False
2023-03-07,05:00:00,53.5,Normal day,False
2023-03-07,05:30:00,58.45,Normal day,False
2023-03-07,06:00:00,54.3,Normal day,False
2023-03-07,06:30:00,68.61,Normal day,False
2023-03-07,07:00:00,56.22,Normal day,False
2023-03-07,07:30:00,59.48,Normal day,False
2023-03-07,08:00:00,57.24,Normal day,False
2023-03-07,08:30:00,49.69,Normal day,False
2023-03-07,09:00:00,18.27,Normal day,False
2023-03-07,09:30:00,14.07,Normal day,False
2023-03-07,10:00:00,15.62,Normal day,False
2023-03-07,10:30:00,14.55,Normal day,False
2023-03-07,11:00:00,18.25,Normal day,False
2023-03-07,11:30:00,15.93,Normal day,False
2023-03-07,12:00:00,45.08,Normal day,False
2023-03-07,12:30:00,41.36,Normal day,False
2023-03-07,13:00:00,43.04,Normal day,False
2023-03-07,13:30:00,49.03,Normal day,False
2023-03-07,14:00:00,14.66,Normal day,False
2023-03-07,14:30:00,16.56,Normal day,False
2023-03-07,15:00:00,14.7,Normal day,False
2023-03-07,15:30:00,15.26,Normal day,False
2023-03-07,16:00:00,20.14,Normal day,False
2023-03-07,16:30:00,10.93,Normal day,False
2023-03-07,17:00:00,15.94,Normal day,False
2023-03-07,17:30:00,17.01,Normal day,False
2023-03-07,18:00:00,85.62,Normal day,False
2023-03-07,18:30:00,72.71,Normal day,False
2023-03-07,19:00:00,50.06,Normal day,False
2023-03-07,19:30:00,72.12,Normal day,False
2023-03-07,20:00:00,70.39,Normal day,False
2023-03-07,20:30:00,60.11,Normal day,False
2023-03-07,21:00:00,69.1,Normal day,False
2023-03-07,21:30:00,59.82,Normal day,False
2023-03-07,22:00:00,13.18,Normal day,False
2023-03-07,22:30:00,13.13,Normal day,False
2023-03-07,23:00:00,10.65,Normal day,False
2023-03-07,23:30:00,8.59,Normal day,False
2023-03-08,00:00:00,5.63,Normal day,False
2023-03-08,00:30:00,9.46,Normal day,False
2023-03-08,01:00:00,5.78,Normal day,False
2023-03-08,01:30:00,11.23,Normal day,False
2023-03-08,02:00:00,11.8,Normal day,False
2023-03-08,02:30:00,6.92,Normal day,False
2023-03-08,03:00:00,9.05,Normal day,False
2023-03-08,03:30:00,16.4,Normal day,False
2023-03-08,04:00:00,10.69,Normal day,False
2023-03-08,04:30:00,6.37,Normal day,False
2023-03-08,05:00:00,60.35,Normal day,False
2023-03-08,05:30:00,56.81,Normal day,False
2023-03-08,06:00:00,44.07,Normal day,False
2023-03-08,06:30:00,50.24,Normal day,False
2023-03-08,07:00:00,56.03,Normal day,False
2023-03-08,07:30:00,60.43,Normal day,False
2023-03-08,08:00:00,53.94,Normal day,False
2023-03-08,08:30:00,58.83,Normal day,False
2023-03-08,09:00:00,18.76,Normal day,False
2023-03-08,09:30:00,14.58,Normal day,False
2023-03-08,10:00:00,13.02,Normal day,False
2023-03-08,10:30:00,15.73,Normal day,False
2023-03-08,11:00:00,13.36,Normal day,False
2023-03-08,11:30:00,13.6,Normal day,False
2023-03-08,12:00:00,43.05,Normal day,False
2023-03-08,12:30:00,52.89,Normal day,False
2023-03-08,13:00:00,48.67,Normal day,False
2023-03-08,13:30:00,37.96,Normal day,False
2023-03-08,14:00:00,14.76,Normal day,False
2023-03-08,14:30:00,19.84,Normal day,False
2023-03-08,15:00:00,23.13,Normal day,False
2023-03-08,15:30:00,24.89,Normal day,False
2023-03-08,16:00:00,15.7,Normal day,False
2023-03-08,16:30:00,18.53,Normal day,False
2023-03-08,17:00:00,15.55,Normal day,False
2023-03-08,17:30:00,14.01,Normal day,False
2023-03-08,18:00:00,58.95,Normal day,False
2023-03-08,18:30:00,67.26,Normal day,False
2023-03-08,19:00:00,55.72,Normal day,False
2023-03-08,19:30:00,63.27,Normal day,False
2023-03-08,20:00:00,66.71,Normal day,False
2023-03-08,20:30:00,57.93,Normal day,False
2023-03-08,21:00:00,65.21,Normal day,False
2023-03-08,21:30:00,85.13,Normal day,False
2023-03-08,22:00:00,12.24,Normal day,False
2023-03-08,22:30:00,11.37,Normal day,False
2023-03-08,23:00:00,16.69,Normal day,False
2023-03-08,23:30:00,15.41,Normal day,False
2023-03-09,00:00:00,6.87,Normal day,False
2023-03-09,00:30:00,8.46,Normal day,False
2023-03-09,01:00:00,9.82,Normal day,False
2023-03-09,01:30:00,8.81,Normal day,False
2023-03-09,02:00:00,7.91,Normal day,False
2023-03-09,02:30:00,12.46,Normal day,False
2023-03-09,03:00:00,11.1,Normal day,False
2023-03-09,03:30:00,12.86,Normal day,False
2023-03-09,04:00:00,14.72,Normal day,False
2023-03-09,04:30:00,10.4,Normal day,False
2023-03-09,05:00:00,45.12,Normal day,False
2023-03-09,05:30:00,45.45,Normal day,False
2023-03-09,06:00:00,69.47,Normal day,False
2023-03-09,06:30:00,51.77,Normal day,False
2023-03-09,07:00:00,51.64,Normal day,False
2023-03-09,07:30:00,60.52,Normal day,False
2023-03-09,08:00:00,54.52,Normal day,False
2023-03-09,08:30:00,58.78,Normal day,False
2023-03-09,09:00:00,18.99,Normal day,False
2023-03-09,09:30:00,22.89,Normal day,False
2023-03-09,10:00:00,11.33,Normal day,False
2023-03-09,10:30:00,18.84,Normal day,False
2023-03-09,11:00:00,21.31,Normal day,False
2023-03-09,11:30:00,14.87,Normal day,False
2023-03-09,12:00:00,43.92,Normal day,False
2023-03-09,12:30:00,44.95,Normal day,False
2023-03-09,13:00:00,42.82,Normal day,False
2023-03-09,13:30:00,43.77,Normal day,False
2023-03-09,14:00:00,25.87,Normal day,False
2023-03-09,14:30:00,15.7,Normal day,False
2023-03-09,15:00:00,13.98,Normal day,False
2023-03-09,15:30:00,13.07,Normal day,False
2023-03-09,16:00:00,26.19,Normal day,False
2023-03-09,16:30:00,26.34,Normal day,False
2023-03-09,17:00:00,17.77,Normal day,False
2023-03-09,17:30:00,12.75,Normal day,False
2023-03-09,18:00:00,54.22,Normal day,False
2023-03-09,18:30:00,92.2,Normal day,False
2023-03-09,19:00:00,68.19,Normal day,False
2023-03-09,19:30:00,80.73,Normal day,False
2023-03-09,20:00:00,66.27,Normal day,False
2023-03-09,20:30:00,77.0,Normal day,False
2023-03-09,21:00:00,76.28,Normal day,False
2023-03-09,21:30:00,56.18,Normal day,False
2023-03-09,22:00:00,8.56,Normal day,False
2023-03-09,22:30:00,12.59,Normal day,False
2023-03-09,23:00:00,11.44,Normal day,False
2023-03-09,23:30:00,10.36,Normal day,False
2023-03-10,00:00:00,6.55,Normal day,False
2023-03-10,00:30:00,6.14,Normal day,False
2023-03-10,01:00:00,14.2,Normal day,False
2023-03-10,01:30:00,15.15,Normal day,False
2023-03-10,02:00:00,11.08,Normal day,False
2023-03-10,02:30:00,5.7,Normal day,False
2023-03-10,03:00:00,11.0,Normal day,False
2023-03-10,03:30:00,13.22,Normal day,False
2023-03-10,04:00:00,12.67,Normal day,False
2023-03-10,04:30:00,13.58,Normal day,False
2023-03-10,05:00:00,59.79,Normal day,False
2023-03-10,05:30:00,55.08,Normal day,False
2023-03-10,06:00:00,55.56,Normal day,False
2023-03-10,06:30:00,55.67,Normal day,False
2023-03-10,07:00:00,56.68,Normal day,False
2023-03-10,07:30:00,44.91,Normal day,False
2023-03-10,08:00:00,61.52,Normal day,False
2023-03-10,08:30:00,56.99,Normal day,False
2023-03-10,09:00:00,19.11,Normal day,False
2023-03-10,09:30:00,16.99,Normal day,False
2023-03-10,10:00:00,22.15,Normal day,False
2023-03-10,10:30:00,20.85,Normal day,False
2023-03-10,11:00:00,12.55,Normal day,False
2023-03-10,11:30:00,18.97,Normal day,False
2023-03-10,12:00:00,33.58,Normal day,False
2023-03-10,12:30:00,47.92,Normal day,False
2023-03-10,13:00:00,57.98,Normal day,False
2023-03-10,13:30:00,34.02,Normal day,False
2023-03-10,14:00:00,26.56,Normal day,False
2023-03-10,14:30:00,18.32,Normal day,False
2023-03-10,15:00:00,14.83,Normal day,False
2023-03-10,15:30:00,22.96,Normal day,False
2023-03-10,16:00:00,25.87,Normal day,False
2023-03-10,16:30:00,18.27,Normal day,False
2023-03-10,17:00:00,13.98,Normal day,False
2023-03-10,17:30:00,23.63,Normal day,False
2023-03-10,18:00:00,81.87,Normal day,False
2023-03-10,18:30:00,80.87,Normal day,False
2023-03-10,19:00:00,71.03,Normal day,False
2023-03-10,19:30:00,85.11,Normal day,False
2023-03-10,20:00:00,54.4,Normal day,False
2023-03-10,20:30:00,56.39,Normal day,False
2023-03-10,21:00:00,92.36,Normal day,False
2023-03-10,21:30:00,87.24,Normal day,False
2023-03-10,22:00:00,9.36,Normal day,False
2023-03-10,22:30:00,9.34,Normal day,False
2023-03-10,23:00:00,6.28,Normal day,False
2023-03-10,23:30:00,13.93,Normal day,False
2023-03-11,00:00:00,7.75,Normal day,True
2023-03-11,00:30:00,7.38,Normal day,True
2023-03-11,01:00:00,11.44,Normal day,True
2023-03-11,01:30:00,8.84,Normal day,True
2023-03-11,02:00:00,11.67,Normal day,True
2023-03-11,02:30:00,10.76,Normal day,True
2023-03-11,03:00:00,6.27,Normal day,True
2023-03-11,03:30:00,11.86,Normal day,True
2023-03-11,04:00:00,11.4,Normal day,True
2023-03-11,04:30:00,12.72,Normal day,True
2023-03-11,05:00:00,15.73,Normal day,True
2023-03-11,05:30:00,12.5,Normal day,True
2023-03-11,06:00:00,12.92,Normal day,True
2023-03-11,06:30:00,8.51,Normal day,True
2023-03-11,07:00:00,67.54,Normal day,True
2023-03-11,07:30:00,74.09,Normal day,True
2023-03-11,08:00:00,64.1,Normal day,True
2023-03-11,08:30:00,51.77,Normal day,True
2023-03-11,09:00:00,78.74,Normal day,True
2023-03-11,09:30:00,78.65,Normal day,True
2023-03-11,10:00:00,66.46,Normal day,True
2023-03-11,10:30:00,68.19,Normal day,True
2023-03-11,11:00:00,37.94,Normal day,True
2023-03-11,11:30:00,48.5,Normal day,True
2023-03-11,12:00:00,52.23,Normal day,True
2023-03-11,12:30:00,31.31,Normal day,True
2023-03-11,13:00:00,47.41,Normal day,True
2023-03-11,13:30:00,69.42,Normal day,True
2023-03-11,14:00:00,46.31,Normal day,True
2023-03-11,14:30:00,61.18,Normal day,True
2023-03-11,15:00:00,43.63,Normal day,True
2023-03-11,15:30:00,43.89,Normal day,True
2023-03-11,16:00:00,55.32,Normal day,True
2023-03-11,16:30:00,39.93,Normal day,True
2023-03-11,17:00:00,52.11,Normal day,True
2023-03-11,17:30:00,46.55,Normal day,True
2023-03-11,18:00:00,88.54,Normal day,True
2023-03-11,18:30:00,73.42,Normal day,True
2023-03-11,19:00:00,90.68,Normal day,True
2023-03-11,19:30:00,100.0,Normal day,True
2023-03-11,20:00:00,69.73,Normal day,True
2023-03-11,20:30:00,84.67,Normal day,True
2023-03-11,21:00:00,92.46,Normal day,True
2023-03-11,21:30:00,69.16,Normal day,True
2023-03-11,22:00:00,73.32,Normal day,True
2023-03-11,22:30:00,67.85,Normal day,True
2023-03-11,23:00:00,9.96,Normal day,True
2023-03-11,23:30:00,13.81,Normal day,True
2023-03-12,00:00:00,11.59,Normal day,True
2023-03-12,00:30:00,10.12,Normal day,True
2023-03-12,01:00:00,14.05,Normal day,True
2023-03-12,01:30:00,11.18,Normal day,True
2023-03-12,02:00:00,14.67,Normal day,True
2023-03-12,02:30:00,5.97,Normal day,True
2023-03-12,03:00:00,14.84,Normal day,True
2023-03-12,03:30:00,8.13,Normal day,True
2023-03-12,04:00:00,5.32,Normal day,True
2023-03-12,04:30:00,9.61,Normal day,True
2023-03-12,05:00:00,7.35,Normal day,True
2023-03-12,05:30:00,16.42,Normal day,True
2023-03-12,06:00:00,14.43,Normal day,True
2023-03-12,06:30:00,6.57,Normal day,True
2023-03-12,07:00:00,52.21,Normal day,True
2023-03-12,07:30:00,63.85,Normal day,True
2023-03-12,08:00:00,77.77,Normal day,True
2023-03-12,08:30:00,75.2,Normal day,True
2023-03-12,09:00:00,72.87,Normal day,True
2023-03-12,09:30:00,59.49,Normal day,True
2023-03-12,10:00:00,70.92,Normal day,True
2023-03-12,10:30:00,75.67,Normal day,True
2023-03-12,11:00:00,33.3,Normal day,True
2023-03-12,11:30:00,53.48,Normal day,True
2023-03-12,12:00:00,55.61,Normal day,True
2023-03-12,12:30:00,42.56,Normal day,True
2023-03-12,13:00:00,59.45,Normal day,True
2023-03-12,13:30:00,58.59,Normal day,True
2023-03-12,14:00:00,48.72,Normal day,True
2023-03-12,14:30:00,55.92,Normal day,True
2023-03-12,15:00:00,47.94,Normal day,True
2023-03-12,15:30:00,42.6,Normal day,True
2023-03-12,16:00:00,52.92,Normal day,True
2023-03-12,16:30:00,36.21,Normal day,True
2023-03-12,17:00:00,40.71,Normal day,True
2023-03-12,17:30:00,41.66,Normal day,True
2023-03-12,18:00:00,84.58,Normal day,True
2023-03-12,18:30:00,75.43,Normal day,True
2023-03-12,19:00:00,93.07,Normal day,True
2023-03-12,19:30:00,87.79,Normal day,True
2023-03-12,20:00:00,98.76,Normal day,True
2023-03-12,20:30:00,73.18,Normal day,True
2023-03-12,21:00:00,86.28,Normal day,True
2023-03-12,21:30:00,84.22,Normal day,True
2023-03-12,22:00:00,64.88,Normal day,True
2023-03-12,22:30:00,89.38,Normal day,True
2023-03-12,23:00:00,13.03,Normal day,True
2023-03-12,23:30:00,7.18,Normal day,True
2023-03-13,00:00:00,7.66,Normal day,False
2023-03-13,00:30:00,12.85,Normal day,False
2023-03-13,01:00:00,12.67,Normal day,False
2023-03-13,01:30:00,14.72,Normal day,False
2023-03-13,02:00:00,11.42,Normal day,False
2023-03-13,02:30:00,17.04,Normal day,False
2023-03-13,03:00:00,6.5,Normal day,False
2023-03-13,03:30:00,10.01,Normal day,False
2023-03-13,04:00:00,7.26,Normal day,False
2023-03-13,04:30:00,8.99,Normal day,False
2023-03-13,05:00:00,61.69,Normal day,False
2023-03-13,05:30:00,65.65,Normal day,False
2023-03-13,06:00:00,54.93,Normal day,False
2023-03-13,06:30:00,56.31,Normal day,False
2023-03-13,07:00:00,63.32,Normal day,False
2023-03-13,07:30:00,46.27,Normal day,False
2023-03-13,08:00:00,58.88,Normal day,False
2023-03-13,08:30:00,43.46,Normal day,False
2023-03-13,09:00:00,17.92,Normal day,False
2023-03-13,09:30:00,16.27,Normal day,False
2023-03-13,10:00:00,12.98,Normal day,False
2023-03-13,10:30:00,15.63,Normal day,False
2023-03-13,11:00:00,12.29,Normal day,False
2023-03-13,11:30:00,20.37,Normal day,False
2023-03-13,12:00:00,44.21,Normal day,False
2023-03-13,12:30:00,41.68,Normal day,False
2023-03-13,13:00:00,44.71,Normal day,False
2023-03-13,13:30:00,44.36,Normal day,False
2023-03-13,14:00:00,23.81,Normal day,False
2023-03-13,14:30:00,10.66,Normal day,False
2023-03-13,15:00:00,26.45,Normal day,False
2023-03-13,15:30:00,12.76,Normal day,False
2023-03-13,16:00:00,27.6,Normal day,False
2023-03-13,16:30:00,12.74,Normal day,False
2023-03-13,17:00:00,20.58,Normal day,False
2023-03-13,17:30:00,18.69,Normal day,False
2023-03-13,18:00:00,87.95,Normal day,False
2023-03-13,18:30:00,65.24,Normal day,False
2023-03-13,19:00:00,67.84,Normal day,False
2023-03-13,19:30:00,79.59,Normal day,False
2023-03-13,20:00:00,85.05,Normal day,False
2023-03-13,20:30:00,64.71,Normal day,False
2023-03-13,21:00:00,86.43,Normal day,False
2023-03-13,21:30:00,67.8,Normal day,False
2023-03-13,22:00:00,10.91,Normal day,False
2023-03-13,22:30:00,10.37,Normal day,False
2023-03-13,23:00:00,13.9,Normal day,False
2023-03-13,23:30:00,15.82,Normal day,False
2023-03-14,00:00:00,5.78,Normal day,False
2023-03-14,00:30:00,7.46,Normal day,False
2023-03-14,01:00:00,16.91,Normal day,False
2023-03-14,01:30:00,6.43,Normal day,False
2023-03-14,02:00:00,7.62,Normal day,False
2023-03-14,02:30:00,11.62,Normal day,False
2023-03-14,03:00:00,5.59,Normal day,False
2023-03-14,03:30:00,16.37,Normal day,False
2023-03-14,04:00:00,12.19,Normal day,False
2023-03-14,04:30:00,6.2,Normal day,False
2023-03-14,05:00:00,50.75,Normal day,False
2023-03-14,05:30:00,48.03,Normal day,False
2023-03-14,06:00:00,52.06,Normal day,False
2023-03-14,06:30:00,45.01,Normal day,False
2023-03-14,07:00:00,70.9,Normal day,False
2023-03-14,07:30:00,55.4,Normal day,False
2023-03-14,08:00:00,47.51,Normal day,False
2023-03-14,08:30:00,66.36,Normal day,False
2023-03-14,09:00:00,15.51,Normal day,False
2023-03-14,09:30:00,14.91,Normal day,False
2023-03-14,10:00:00,19.97,Normal day,False
2023-03-14,10:30:00,12.49,Normal day,False
2023-03-14,11:00:00,16.9,Normal day,False
2023-03-14,11:30:00,14.28,Normal day,False
2023-03-14,12:00:00,52.61,Normal day,False
2023-03-14,12:30:00,54.41,Normal day,False
2023-03-14,13:00:00,39.62,Normal day,False
2023-03-14,13:30:00,49.7,Normal day,False
2023-03-14,14:00:00,21.05,Normal day,False
2023-03-14,14:30:00,15.8,Normal day,False
2023-03-14,15:00:00,27.54,Normal day,False
2023-03-14,15:30:00,19.28,Normal day,False
2023-03-14,16:00:00,15.86,Normal day,False
2023-03-14,16:30:00,26.82,Normal day,False
2023-03-14,17:00:00,14.7,Normal day,False
2023-03-14,17:30:00,12.86,Normal day,False
2023-03-14,18:00:00,66.71,Normal day,False
2023-03-14,18:30:00,64.12,Normal day,False
2023-03-14,19:00:00,83.72,Normal day,False
2023-03-14,19:30:00,65.43,Normal day,False
2023-03-14,20:00:00,69.95,Normal day,False
2023-03-14,20:30:00,79.18,Normal day,False
2023-03-14,21:00:00,63.03,Normal day,False
2023-03-14,21:30:00,67.86,Normal day,False
2023-03-14,22:00:00,8.57,Normal day,False
2023-03-14,22:30:00,12.06,Normal day,False
2023-03-14,23:00:00,11.07,Normal day,False
2023-03-14,23:30:00,15.25,Normal day,False
2023-03-15,00:00:00,14.51,Normal day,False
2023-03-15,00:30:00,10.7,Normal day,False
2023-03-15,01:00:00,6.36,Normal day,False
2023-03-15,01:30:00,16.46,Normal day,False
2023-03-15,02:00:00,14.63,Normal day,False
2023-03-15,02:30:00,7.74,Normal day,False
2023-03-15,03:00:00,15.0,Normal day,False
2023-03-15,03:30:00,14.04,Normal day,False
2023-03-15,04:00:00,14.12,Normal day,False
2023-03-15,04:30:00,5.04,Normal day,False
2023-03-15,05:00:00,52.24,Normal day,False
2023-03-15,05:30:00,64.98,Normal day,False
2023-03-15,06:00:00,60.43,Normal day,False
2023-03-15,06:30:00,60.44,Normal day,False
2023-03-15,07:00:00,62.29,Normal day,False
2023-03-15,07:30:00,45.95,Normal day,False
2023-03-15,08:00:00,65.84,Normal day,False
2023-03-15,08:30:00,50.13,Normal day,False
2023-03-15,09:00:00,19.64,Normal day,False
2023-03-15,09:30:00,14.2,Normal day,False
2023-03-15,10:00:00,15.35,Normal day,False
2023-03-15,10:30:00,19.83,Normal day,False
2023-03-15,11:00:00,13.44,Normal day,False
2023-03-15,11:30:00,13.46,Normal day,False
2023-03-15,12:00:00,34.6,Normal day,False
2023-03-15,12:30:00,38.64,Normal day,False
2023-03-15,13:00:00,51.2,Normal day,False
2023-03-15,13:30:00,40.17,Normal day,False
2023-03-15,14:00:00,20.65,Normal day,False
2023-03-15,14:30:00,24.78,Normal day,False
2023-03-15,15:00:00,22.72,Normal day,False
2023-03-15,15:30:00,14.23,Normal day,False
2023-03-15,16:00:00,21.47,Normal day,False
2023-03-15,16:30:00,16.39,Normal day,False
2023-03-15,17:00:00,13.89,Normal day,False
2023-03-15,17:30:00,14.24,Normal day,False
2023-03-15,18:00:00,87.43,Normal day,False
2023-03-15,18:30:00,61.19,Normal day,False
2023-03-15,19:00:00,65.55,Normal day,False
2023-03-15,19:30:00,70.41,Normal day,False
2023-03-15,20:00:00,86.36,Normal day,False
2023-03-15,20:30:00,71.69,Normal day,False
2023-03-15,21:00:00,78.15,Normal day,False
2023-03-15,21:30:00,61.13,Normal day,False
2023-03-15,22:00:00,10.68,Normal day,False
2023-03-15,22:30:00,8.6,Normal day,False
2023-03-15,23:00:00,7.64,Normal day,False
2023-03-15,23:30:00,8.58,Normal day,False
2023-03-16,00:00:00,12.91,Normal day,False
2023-03-16,00:30:00,6.85,Normal day,False
2023-03-16,01:00:00,10.79,Normal day,False
2023-03-16,01:30:00,15.28,Normal day,False
2023-03-16,02:00:00,9.47,Normal day,False
2023-03-16,02:30:00,8.46,Normal day,False
2023-03-16,03:00:00,8.74,Normal day,False
2023-03-16,03:30:00,7.42,Normal day,False
2023-03-16,04:00:00,15.08,Normal day,False
2023-03-16,04:30:00,10.69,Normal day,False
2023-03-16,05:00:00,57.86,Normal day,False
2023-03-16,05:30:00,58.16,Normal day,False
2023-03-16,06:00:00,53.52,Normal day,False
2023-03-16,06:30:00,52.29,Normal day,False
2023-03-16,07:00:00,41.33,Normal day,False
2023-03-16,07:30:00,43.89,Normal day,False
2023-03-16,08:00:00,48.25,Normal day,False
2023-03-16,08:30:00,60.2,Normal day,False
2023-03-16,09:00:00,13.4,Normal day,False
2023-03-16,09:30:00,15.85,Normal day,False
2023-03-16,10:00:00,14.19,Normal day,False
2023-03-16,10:30:00,17.0,Normal day,False
2023-03-16,11:00:00,16.9,Normal day,False
2023-03-16,11:30:00,17.54,Normal day,False
2023-03-16,12:00:00,46.08,Normal day,False
2023-03-16,12:30:00,37.99,Normal day,False
2023-03-16,13:00:00,49.35,Normal day,False
2023-03-16,13:30:00,48.49,Normal day,False
2023-03-16,14:00:00,17.29,Normal day,False
2023-03-16,14:30:00,17.91,Normal day,False
2023-03-16,15:00:00,19.35,Normal day,False
2023-03-16,15:30:00,16.84,Normal day,False
2023-03-16,16:00:00,19.88,Normal day,False
2023-03-16,16:30:00,12.32,Normal day,False
2023-03-16,17:00:00,11.89,Normal day,False
2023-03-16,17:30:00,28.78,Normal day,False
2023-03-16,18:00:00,67.27,Normal day,False
2023-03-16,18:30:00,75.22,Normal day,False
2023-03-16,19:00:00,85.44,Normal day,False
2023-03-16,19:30:00,70.24,Normal day,False
2023-03-16,20:00:00,73.04,Normal day,False
2023-03-16,20:30:00,85.68,Normal day,False
2023-03-16,21:00:00,59.11,Normal day,False
2023-03-16,21:30:00,68.33,Normal day,False
2023-03-16,22:00:00,16.79,Normal day,False
2023-03-16,22:30:00,6.21,Normal day,False
2023-03-16,23:00:00,12.27,Normal day,False
2023-03-16,23:30:00,11.05,Normal day,False
2023-03-17,00:00:00,12.35,Normal day,False
2023-03-17,00:30:00,5.53,Normal day,False
2023-03-17,01:00:00,11.55,Normal day,False
2023-03-17,01:30:00,12.72,Normal day,False
2023-03-17,02:00:00,11.57,Normal day,False
2023-03-17,02:30:00,11.83,Normal day,False
2023-03-17,03:00:00,5.42,Normal day,False
2023-03-17,03:30:00,11.81,Normal day,False
2023-03-17,04:00:00,10.34,Normal day,False
2023-03-17,04:30:00,8.78,Normal day,False
2023-03-17,05:00:00,61.47,Normal day,False
2023-03-17,05:30:00,47.6,Normal day,False
2023-03-17,06:00:00,62.05,Normal day,False
2023-03-17,06:30:00,49.67,Normal day,False
2023-03-17,07:00:00,61.23,Normal day,False
2023-03-17,07:30:00,52.54,Normal day,False
2023-03-17,08:00:00,42.63,Normal day,False
2023-03-17,08:30:00,65.23,Normal day,False
2023-03-17,09:00:00,13.45,Normal day,False
2023-03-17,09:30:00,12.13,Normal day,False
2023-03-17,10:00:00,16.64,Normal day,False
2023-03-17,10:30:00,22.22,Normal day,False
2023-03-17,11:00:00,21.52,Normal day,False
2023-03-17,11:30:00,18.5,Normal day,False
2023-03-17,12:00:00,42.38,Normal day,False
2023-03-17,12:30:00,49.52,Normal day,False
2023-03-17,13:00:00,38.08,Normal day,False
2023-03-17,13:30:00,40.76,Normal day,False
2023-03-17,14:00:00,12.4,Normal day,False
2023-03-17,14:30:00,22.4,Normal day,False
2023-03-17,15:00:00,25.39,Normal day,False
2023-03-17,15:30:00,17.88,Normal day,False
2023-03-17,16:00:00,20.62,Normal day,False
2023-03-17,16:30:00,23.71,Normal day,False
2023-03-17,17:00:00,22.56,Normal day,False
2023-03-17,17:30:00,26.77,Normal day,False
2023-03-17,18:00:00,89.56,Normal day,False
2023-03-17,18:30:00,76.67,Normal day,False
2023-03-17,19:00:00,60.71,Normal day,False
2023-03-17,19:30:00,80.98,Normal day,False
2023-03-17,20:00:00,65.71,Normal day,False
2023-03-17,20:30:00,62.35,Normal day,False
2023-03-17,21:00:00,69.16,Normal day,False
2023-03-17,21:30:00,56.62,Normal day,False
2023-03-17,22:00:00,10.78,Normal day,False
2023-03-17,22:30:00,13.04,Normal day,False
2023-03-17,23:00:00,12.15,Normal day,False
2023-03-17,23:30:00,11.45,Normal day,False
2023-03-18,00:00:00,6.01,Normal day,True
2023-03-18,00:30:00,12.16,Normal day,True
2023-03-18,01:00:00,9.5,Normal day,True
2023-03-18,01:30:00,12.22,Normal day,True
2023-03-18,02:00:00,12.09,Normal day,True
2023-03-18,02:30:00,13.6,Normal day,True
2023-03-18,03:00:00,16.47,Normal day,True
2023-03-18,03:30:00,8.51,Normal day,True
2023-03-18,04:00:00,5.2,Normal day,True
2023-03-18,04:30:00,13.56,Normal day,True
2023-03-18,05:00:00,13.76,Normal day,True
2023-03-18,05:30:00,15.12,Normal day,True
2023-03-18,06:00:00,10.75,Normal day,True
2023-03-18,06:30:00,10.38,Normal day,True
2023-03-18,07:00:00,54.23,Normal day,True
2023-03-18,07:30:00,69.77,Normal day,True
2023-03-18,08:00:00,69.8,Normal day,True
2023-03-18,08:30:00,81.64,Normal day,True
2023-03-18,09:00:00,54.07,Normal day,True
2023-03-18,09:30:00,64.22,Normal day,True
2023-03-18,10:00:00,82.72,Normal day,True
2023-03-18,10:30:00,65.5,Normal day,True
2023-03-18,11:00:00,46.65,Normal day,True
2023-03-18,11:30:00,49.9,Normal day,True
2023-03-18,12:00:00,40.17,Normal day,True
2023-03-18,12:30:00,55.05,Normal day,True
2023-03-18,13:00:00,48.92,Normal day,True
2023-03-18,13:30:00,46.98,Normal day,True
2023-03-18,14:00:00,43.56,Normal day,True
2023-03-18,14:30:00,44.91,Normal day,True
2023-03-18,15:00:00,36.89,Normal day,True
2023-03-18,15:30:00,41.47,Normal day,True
2023-03-18,16:00:00,47.96,Normal day,True
2023-03-18,16:30:00,56.91,Normal day,True
2023-03-18,17:00:00,47.06,Normal day,True
2023-03-18,17:30:00,40.72,Normal day,True
2023-03-18,18:00:00,80.21,Normal day,True
2023-03-18,18:30:00,70.61,Normal day,True
2023-03-18,19:00:00,92.26,Normal day,True
2023-03-18,19:30:00,67.28,Normal day,True
2023-03-18,20:00:00,93.42,Normal day,True
2023-03-18,20:30:00,90.99,Normal day,True
2023-03-18,21:00:00,96.74,Normal day,True
2023-03-18,21:30:00,78.03,Normal day,True
2023-03-18,22:00:00,80.24,Normal day,True
2023-03-18,22:30:00,73.25,Normal day,True
2023-03-18,23:00:00,9.5,Normal day,True
2023-03-18,23:30:00,10.18,Normal day,True
2023-03-19,00:00:00,14.46,Normal day,True
2023-03-19,00:30:00,8.8,Normal day,True
2023-03-19,01:00:00,14.58,Normal day,True
2023-03-19,01:30:00,17.09,Normal day,True
2023-03-19,02:00:00,11.61,Normal day,True
2023-03-19,02:30:00,15.22,Normal day,True
2023-03-19,03:00:00,6.83,Normal day,True
2023-03-19,03:30:00,9.08,Normal day,True
2023-03-19,04:00:00,13.67,Normal day,True
2023-03-19,04:30:00,11.1,Normal day,True
2023-03-19,05:00:00,10.93,Normal day,True
2023-03-19,05:30:00,15.97,Normal day,True
2023-03-19,06:00:00,5.46,Normal day,True
2023-03-19,06:30:00,9.24,Normal day,True
2023-03-19,07:00:00,61.85,Normal day,True
2023-03-19,07:30:00,60.12,Normal day,True
2023-03-19,08:00:00,58.6,Normal day,True
2023-03-19,08:30:00,67.13,Normal day,True
2023-03-19,09:00:00,64.41,Normal day,True
2023-03-19,09:30:00,66.15,Normal day,True
2023-03-19,10:00:00,60.72,Normal day,True
2023-03-19,10:30:00,75.0,Normal day,True
2023-03-19,11:00:00,35.71,Normal day,True
2023-03-19,11:30:00,39.34,Normal day,True
2023-03-19,12:00:00,47.31,Normal day,True
2023-03-19,12:30:00,36.14,Normal day,True
2023-03-19,13:00:00,68.82,Normal day,True
2023-03-19,13:30:00,57.89,Normal day,True
2023-03-19,14:00:00,48.41,Normal day,True
2023-03-19,14:30:00,55.7,Normal day,True
2023-03-19,15:00:00,39.2,Normal day,True
2023-03-19,15:30:00,43.04,Normal day,True
2023-03-19,16:00:00,37.54,Normal day,True
2023-03-19,16:30:00,51.45,Normal day,True
2023-03-19,17:00:00,37.26,Normal day,True
2023-03-19,17:30:00,37.32,Normal day,True
2023-03-19,18:00:00,70.97,Normal day,True
2023-03-19,18:30:00,98.83,Normal day,True
2023-03-19,19:00:00,88.35,Normal day,True
2023-03-19,19:30:00,77.23,Normal day,True
2023-03-19,20:00:00,75.75,Normal day,True
2023-03-19,20:30:00,79.45,Normal day,True
2023-03-19,21:00:00,97.06,Normal day,True
2023-03-19,21:30:00,81.63,Normal day,True
2023-03-19,22:00:00,75.0,Normal day,True
2023-03-19,22:30:00,94.39,Normal day,True
2023-03-19,23:00:00,10.14,Normal day,True
2023-03-19,23:30:00,16.88,Normal day,True
2023-03-20,00:00:00,15.54,Normal day,False
2023-03-20,00:30:00,9.54,Normal day,False
2023-03-20,01:00:00,17.85,Normal day,False
2023-03-20,01:30:00,11.08,Normal day,False
2023-03-20,02:00:00,8.01,Normal day,False
2023-03-20,02:30:00,11.54,Normal day,False
2023-03-20,03:00:00,13.39,Normal day,False
2023-03-20,03:30:00,9.82,Normal day,False
2023-03-20,04:00:00,7.05,Normal day,False
2023-03-20,04:30:00,9.17,Normal day,False
2023-03-20,05:00:00,48.51,Normal day,False
2023-03-20,05:30:00,49.29,Normal day,False
2023-03-20,06:00:00,44.14,Normal day,False
2023-03-20,06:30:00,54.58,Normal day,False
2023-03-20,07:00:00,65.96,Normal day,False
2023-03-20,07:30:00,65.92,Normal day,False
2023-03-20,08:00:00,57.05,Normal day,False
2023-03-20,08:30:00,52.12,Normal day,False
2023-03-20,09:00:00,16.32,Normal day,False
2023-03-20,09:30:00,20.16,Normal day,False
2023-03-20,10:00:00,21.22,Normal day,False
2023-03-20,10:30:00,20.33,Normal day,False
2023-03-20,11:00:00,17.72,Normal day,False
2023-03-20,11:30:00,14.4,Normal day,False
2023-03-20,12:00:00,42.02,Normal day,False
2023-03-20,12:30:00,48.44,Normal day,False
2023-03-20,13:00:00,40.94,Normal day,False
2023-03-20,13:30:00,51.01,Normal day,False
2023-03-20,14:00:00,21.63,Normal day,False
2023-03-20,14:30:00,21.19,Normal day,False
2023-03-20,15:00:00,23.59,Normal day,False
2023-03-20,15:30:00,22.89,Normal day,False
2023-03-20,16:00:00,21.5,Normal day,False
2023-03-20,16:30:00,24.97,Normal day,False
2023-03-20,17:00:00,28.76,Normal day,False
2023-03-20,17:30:00,13.14,Normal day,False
2023-03-20,18:00:00,77.32,Normal day,False
2023-03-20,18:30:00,73.52,Normal day,False
2023-03-20,19:00:00,70.73,Normal day,False
2023-03-20,19:30:00,67.68,Normal day,False
2023-03-20,20:00:00,76.93,Normal day,False
2023-03-20,20:30:00,91.53,Normal day,False
2023-03-20,21:00:00,73.3,Normal day,False
2023-03-20,21:30:00,85.99,Normal day,False
2023-03-20,22:00:00,12.59,Normal day,False
2023-03-20,22:30:00,8.72,Normal day,False
2023-03-20,23:00:00,8.1,Normal day,False
2023-03-20,23:30:00,9.05,Normal day,False
2023-03-21,00:00:00,12.44,Normal day,False
2023-03-21,00:30:00,7.66,Normal day,False
2023-03-21,01:00:00,5.59,Normal day,False
2023-03-21,01:30:00,10.32,Normal day,False
2023-03-21,02:00:00,15.75,Normal day,False
2023-03-21,02:30:00,8.05,Normal day,False
2023-03-21,03:00:00,13.62,Normal day,False
2023-03-21,03:30:00,12.5,Normal day,False
2023-03-21,04:00:00,5.21,Normal day,False
2023-03-21,04:30:00,8.02,Normal day,False
2023-03-21,05:00:00,53.61,Normal day,False
2023-03-21,05:30:00,39.94,Normal day,False
2023-03-21,06:00:00,61.25,Normal day,False
2023-03-21,06:30:00,47.42,Normal day,False
2023-03-21,07:00:00,68.13,Normal day,False
2023-03-21,07:30:00,64.1,Normal day,False
2023-03-21,08:00:00,59.4,Normal day,False
2023-03-21,08:30:00,49.59,Normal day,False
2023-03-21,09:00:00,18.08,Normal day,False
2023-03-21,09:30:00,15.54,Normal day,False
2023-03-21,10:00:00,17.61,Normal day,False
2023-03-21,10:30:00,12.73,Normal day,False
2023-03-21,11:00:00,11.9,Normal day,False
2023-03-21,11:30:00,20.84,Normal day,False
2023-03-21,12:00:00,44.19,Normal day,False
2023-03-21,12:30:00,53.45,Normal day,False
2023-03-21,13:00:00,36.62,Normal day,False
2023-03-21,13:30:00,50.88,Normal day,False
2023-03-21,14:00:00,11.66,Normal day,False
2023-03-21,14:30:00,23.27,Normal day,False
2023-03-21,15:00:00,25.33,Normal day,False
2023-03-21,15:30:00,16.48,Normal day,False
2023-03-21,16:00:00,25.32,Normal day,False
2023-03-21,16:30:00,14.32,Normal day,False
2023-03-21,17:00:00,14.11,Normal day,False
2023-03-21,17:30:00,11.13,Normal day,False
2023-03-21,18:00:00,91.46,Normal day,False
2023-03-21,18:30:00,78.34,Normal day,False
2023-03-21,19:00:00,84.99,Normal day,False
2023-03-21,19:30:00,50.8,Normal day,False
2023-03-21,20:00:00,82.99,Normal day,False
2023-03-21,20:30:00,88.69,Normal day,False
2023-03-21,21:00:00,94.52,Normal day,False
2023-03-21,21:30:00,70.84,Normal day,False
2023-03-21,22:00:00,15.0,Normal day,False
2023-03-21,22:30:00,16.89,Normal day,False
2023-03-21,23:00:00,8.7,Normal day,False
2023-03-21,23:30:00,16.07,Normal day,False
2023-03-22,00:00:00,11.45,Normal day,False
2023-03-22,00:30:00,15.95,Normal day,False
2023-03-22,01:00:00,7.17,Normal day,False
2023-03-22,01:30:00,13.03,Normal day,False
2023-03-22,02:00:00,15.12,Normal day,False
2023-03-22,02:30:00,11.44,Normal day,False
2023-03-22,03:00:00,13.73,Normal day,False
2023-03-22,03:30:00,6.2,Normal day,False
2023-03-22,04:00:00,5.3,Normal day,False
2023-03-22,04:30:00,7.82,Normal day,False
2023-03-22,05:00:00,59.06,Normal day,False
2023-03-22,05:30:00,50.64,Normal day,False
2023-03-22,06:00:00,60.21,Normal day,False
2023-03-22,06:30:00,65.48,Normal day,False
2023-03-22,07:00:00,42.72,Normal day,False
2023-03-22,07:30:00,70.01,Normal day,False
2023-03-22,08:00:00,47.8,Normal day,False
2023-03-22,08:30:00,54.21,Normal day,False
2023-03-22,09:00:00,13.17,Normal day,False
2023-03-22,09:30:00,20.4,Normal day,False
2023-03-22,10:00:00,12.35,Normal day,False
2023-03-22,10:30:00,12.25,Normal day,False
2023-03-22,11:00:00,17.16,Normal day,False
2023-03-22,11:30:00,19.03,Normal day,False
2023-03-22,12:00:00,43.72,Normal day,False
2023-03-22,12:30:00,46.03,Normal day,False
2023-03-22,13:00:00,34.45,Normal day,False
2023-03-22,13:30:00,44.68,Normal day,False
2023-03-22,14:00:00,19.14,Normal day,False
2023-03-22,14:30:00,23.26,Normal day,False
2023-03-22,15:00:00,22.35,Normal day,False
2023-03-22,15:30:00,23.54,Normal day,False
2023-03-22,16:00:00,21.53,Normal day,False
2023-03-22,16:30:00,25.53,Normal day,False
2023-03-22,17:00:00,12.49,Normal day,False
2023-03-22,17:30:00,12.61,Normal day,False
2023-03-22,18:00:00,61.04,Normal day,False
2023-03-22,18:30:00,79.08,Normal day,False
2023-03-22,19:00:00,78.68,Normal day,False
2023-03-22,19:30:00,74.17,Normal day,False
2023-03-22,20:00:00,69.18,Normal day,False
2023-03-22,20:30:00,79.8,Normal day,False
2023-03-22,21:00:00,62.38,Normal day,False
2023-03-22,21:30:00,55.9,Normal day,False
2023-03-22,22:00:00,10.36,Normal day,False
2023-03-22,22:30:00,9.04,Normal day,False
2023-03-22,23:00:00,6.18,Normal day,False
2023-03-22,23:30:00,5.89,Normal day,False
2023-03-23,00:00:00,6.08,Normal day,False
2023-03-23,00:30:00,11.0,Normal day,False
2023-03-23,01:00:00,13.27,Normal day,False
2023-03-23,01:30:00,12.46,Normal day,False
2023-03-23,02:00:00,14.76,Normal day,False
2023-03-23,02:30:00,10.61,Normal day,False
2023-03-23,03:00:00,7.89,Normal day,False
2023-03-23,03:30:00,12.46,Normal day,False
2023-03-23,04:00:00,14.13,Normal day,False
2023-03-23,04:30:00,15.23,Normal day,False
2023-03-23,05:00:00,52.07,Normal day,False
2023-03-23,05:30:00,64.16,Normal day,False
2023-03-23,06:00:00,52.44,Normal day,False
2023-03-23,06:30:00,48.88,Normal day,False
2023-03-23,07:00:00,65.53,Normal day,False
2023-03-23,07:30:00,60.59,Normal day,False
2023-03-23,08:00:00,55.64,Normal day,False
2023-03-23,08:30:00,59.85,Normal day,False
2023-03-23,09:00:00,11.07,Normal day,False
2023-03-23,09:30:00,15.42,Normal day,False
2023-03-23,10:00:00,14.8,Normal day,False
2023-03-23,10:30:00,14.92,Normal day,False
2023-03-23,11:00:00,19.0,Normal day,False
2023-03-23,11:30:00,13.08,Normal day,False
2023-03-23,12:00:00,36.53,Normal day,False
2023-03-23,12:30:00,52.61,Normal day,False
2023-03-23,13:00:00,43.07,Normal day,False
2023-03-23,13:30:00,32.97,Normal day,False
2023-03-23,14:00:00,14.78,Normal day,False
2023-03-23,14:30:00,16.01,Normal day,False
2023-03-23,15:00:00,22.65,Normal day,False
2023-03-23,15:30:00,25.21,Normal day,False
2023-03-23,16:00:00,11.08,Normal day,False
2023-03-23,16:30:00,16.15,Normal day,False
2023-03-23,17:00:00,15.52,Normal day,False
2023-03-23,17:30:00,15.21,Normal day,False
2023-03-23,18:00:00,75.2,Normal day,False
2023-03-23,18:30:00,78.23,Normal day,False
2023-03-23,19:00:00,56.35,Normal day,False
2023-03-23,19:30:00,81.81,Normal day,False
2023-03-23,20:00:00,73.88,Normal day,False
2023-03-23,20:30:00,90.86,Normal day,False
2023-03-23,21:00:00,68.25,Normal day,False
2023-03-23,21:30:00,80.75,Normal day,False
2023-03-23,22:00:00,12.79,Normal day,False
2023-03-23,22:30:00,11.1,Normal day,False
2023-03-23,23:00:00,13.76,Normal day,False
2023-03-23,23:30:00,8.82,Normal day,False
2023-03-24,00:00:00,14.21,Normal day,False
2023-03-24,00:30:00,5.8,Normal day,False
2023-03-24,01:00:00,6.23,Normal day,False
2023-03-24,01:30:00,12.65,Normal day,False
2023-03-24,02:00:00,7.99,Normal day,False
2023-03-24,02:30:00,10.23,Normal day,False
2023-03-24,03:00:00,13.65,Normal day,False
2023-03-24,03:30:00,6.9,Normal day,False
2023-03-24,04:00:00,11.06,Normal day,False
2023-03-24,04:30:00,5.78,Normal day,False
2023-03-24,05:00:00,58.35,Normal day,False
2023-03-24,05:30:00,64.99,Normal day,False
2023-03-24,06:00:00,62.17,Normal day,False
2023-03-24,06:30:00,44.96,Normal day,False
2023-03-24,07:00:00,44.72,Normal day,False
2023-03-24,07:30:00,51.87,Normal day,False
2023-03-24,08:00:00,46.6,Normal day,False
2023-03-24,08:30:00,62.97,Normal day,False
2023-03-24,09:00:00,13.4,Normal day,False
2023-03-24,09:30:00,12.12,Normal day,False
2023-03-24,10:00:00,13.12,Normal day,False
2023-03-24,10:30:00,10.86,Normal day,False
2023-03-24,11:00:00,10.96,Normal day,False
2023-03-24,11:30:00,17.59,Normal day,False
2023-03-24,12:00:00,47.07,Normal day,False
2023-03-24,12:30:00,49.83,Normal day,False
2023-03-24,13:00:00,50.89,Normal day,False
2023-03-24,13:30:00,38.36,Normal day,False
2023-03-24,14:00:00,27.84,Normal day,False
2023-03-24,14:30:00,16.13,Normal day,False
2023-03-24,15:00:00,20.34,Normal day,False
2023-03-24,15:30:00,20.86,Normal day,False
2023-03-24,16:00:00,13.66,Normal day,False
2023-03-24,16:30:00,19.0,Normal day,False
2023-03-24,17:00:00,22.63,Normal day,False
2023-03-24,17:30:00,20.0,Normal day,False
2023-03-24,18:00:00,67.74,Normal day,False
2023-03-24,18:30:00,74.45,Normal day,False
2023-03-24,19:00:00,68.78,Normal day,False
2023-03-24,19:30:00,76.65,Normal day,False
2023-03-24,20:00:00,61.12,Normal day,False
2023-03-24,20:30:00,74.33,Normal day,False
2023-03-24,21:00:00,51.9,Normal day,False
2023-03-24,21:30:00,56.39,Normal day,False
2023-03-24,22:00:00,9.04,Normal day,False
2023-03-24,22:30:00,11.44,Normal day,False
2023-03-24,23:00:00,17.18,Normal day,False
2023-03-24,23:30:00,11.17,Normal day,False
2023-03-25,00:00:00,8.47,Normal day,True
2023-03-25,00:30:00,10.33,Normal day,True
2023-03-25,01:00:00,9.29,Normal day,True
2023-03-25,01:30:00,15.55,Normal day,True
2023-03-25,02:00:00,8.01,Normal day,True
2023-03-25,02:30:00,14.57,Normal day,True
2023-03-25,03:00:00,14.6,Normal day,True
2023-03-25,03:30:00,7.1,Normal day,True
2023-03-25,04:00:00,8.28,Normal day,True
2023-03-25,04:30:00,13.1,Normal day,True
2023-03-25,05:00:00,6.63,Normal day,True
2023-03-25,05:30:00,14.86,Normal day,True
2023-03-25,06:00:00,14.23,Normal day,True
2023-03-25,06:30:00,6.8,Normal day,True
2023-03-25,07:00:00,77.49,Normal day,True
2023-03-25,07:30:00,55.58,Normal day,True
2023-03-25,08:00:00,78.2,Normal day,True
2023-03-25,08:30:00,63.01,Normal day,True
2023-03-25,09:00:00,66.08,Normal day,True
2023-03-25,09:30:00,60.61,Normal day,True
2023-03-25,10:00:00,60.79,Normal day,True
2023-03-25,10:30:00,52.86,Normal day,True
2023-03-25,11:00:00,51.76,Normal day,True
2023-03-25,11:30:00,41.16,Normal day,True
2023-03-25,12:00:00,49.14,Normal day,True
2023-03-25,12:30:00,44.29,Normal day,True
2023-03-25,13:00:00,53.11,Normal day,True
2023-03-25,13:30:00,72.15,Normal day,True
2023-03-25,14:00:00,62.81,Normal day,True
2023-03-25,14:30:00,59.06,Normal day,True
2023-03-25,15:00:00,48.75,Normal day,True
2023-03-25,15:30:00,37.85,Normal day,True
2023-03-25,16:00:00,47.79,Normal day,True
2023-03-25,16:30:00,39.4,Normal day,True
2023-03-25,17:00:00,42.85,Normal day,True
2023-03-25,17:30:00,44.8,Normal day,True
2023-03-25,18:00:00,80.29,Normal day,True
2023-03-25,18:30:00,86.73,Normal day,True
2023-03-25,19:00:00,86.33,Normal day,True
2023-03-25,19:30:00,76.22,Normal day,True
2023-03-25,20:00:00,65.58,Normal day,True
2023-03-25,20:30:00,98.0,Normal day,True
2023-03-25,21:00:00,73.48,Normal day,True
2023-03-25,21:30:00,95.54,Normal day,True
2023-03-25,22:00:00,81.68,Normal day,True
2023-03-25,22:30:00,86.78,Normal day,True
2023-03-25,23:00:00,6.33,Normal day,True
2023-03-25,23:30:00,14.92,Normal day,True
2023-03-26,00:00:00,12.52,Visitors,True
2023-03-26,00:30:00,11.15,Visitors,True
2023-03-26,01:00:00,12.18,Visitors,True
2023-03-26,01:30:00,20.01,Visitors,True
2023-03-26,02:00:00,22.86,Visitors,True
2023-03-26,02:30:00,13.42,Visitors,True
2023-03-26,03:00:00,11.03,Visitors,True
2023-03-26,03:30:00,22.32,Visitors,True
2023-03-26,04:00:00,12.39,Visitors,True
2023-03-26,04:30:00,13.67,Visitors,True
2023-03-26,05:00:00,9.02,Visitors,True
2023-03-26,05:30:00,18.05,Visitors,True
2023-03-26,06:00:00,20.17,Visitors,True
2023-03-26,06:30:00,8.08,Visitors,True
2023-03-26,07:00:00,88.48,Visitors,True
2023-03-26,07:30:00,90.65,Visitors,True
2023-03-26,08:00:00,89.45,Visitors,True
2023-03-26,08:30:00,90.22,Visitors,True
2023-03-26,09:00:00,100.0,Visitors,True
2023-03-26,09:30:00,89.1,Visitors,True
2023-03-26,10:00:00,72.15,Visitors,True
2023-03-26,10:30:00,94.05,Visitors,True
2023-03-26,11:00:00,44.62,Visitors,True
2023-03-26,11:30:00,53.02,Visitors,True
2023-03-26,12:00:00,63.11,Visitors,True
2023-03-26,12:30:00,60.75,Visitors,True
2023-03-26,13:00:00,54.5,Visitors,True
2023-03-26,13:30:00,80.88,Visitors,True
2023-03-26,14:00:00,82.53,Visitors,True
2023-03-26,14:30:00,65.08,Visitors,True
2023-03-26,15:00:00,63.52,Visitors,True
2023-03-26,15:30:00,59.6,Visitors,True
2023-03-26,16:00:00,47.34,Visitors,True
2023-03-26,16:30:00,58.27,Visitors,True
2023-03-26,17:00:00,45.51,Visitors,True
2023-03-26,17:30:00,64.78,Visitors,True
2023-03-26,18:00:00,100.0,Visitors,True
2023-03-26,18:30:00,100.0,Visitors,True
2023-03-26,19:00:00,100.0,Visitors,True
2023-03-26,19:30:00,89.76,Visitors,True
2023-03-26,20:00:00,100.0,Visitors,True
2023-03-26,20:30:00,91.1,Visitors,True
2023-03-26,21:00:00,83.72,Visitors,True
2023-03-26,21:30:00,100.0,Visitors,True
2023-03-26,22:00:00,100.0,Visitors,True
2023-03-26,22:30:00,100.0,Visitors,True
2023-03-26,23:00:00,13.24,Visitors,True
2023-03-26,23:30:00,15.46,Visitors,True
2023-03-27,00:00:00,9.25,Normal day,False
2023-03-27,00:30:00,6.17,Normal day,False
2023-03-27,01:00:00,10.8,Normal day,False
2023-03-27,01:30:00,7.15,Normal day,False
2023-03-27,02:00:00,13.92,Normal day,False
2023-03-27,02:30:00,9.13,Normal day,False
2023-03-27,03:00:00,14.5,Normal day,False
2023-03-27,03:30:00,14.31,Normal day,False
2023-03-27,04:00:00,12.57,Normal day,False
2023-03-27,04:30:00,12.88,Normal day,False
2023-03-27,05:00:00,57.06,Normal day,False
2023-03-27,05:30:00,45.29,Normal day,False
2023-03-27,06:00:00,57.63,Normal day,False
2023-03-27,06:30:00,50.16,Normal day,False
2023-03-27,07:00:00,46.15,Normal day,False
2023-03-27,07:30:00,50.25,Normal day,False
2023-03-27,08:00:00,63.7,Normal day,False
2023-03-27,08:30:00,51.88,Normal day,False
2023-03-27,09:00:00,16.52,Normal day,False
2023-03-27,09:30:00,15.98,Normal day,False
2023-03-27,10:00:00,11.3,Normal day,False
2023-03-27,10:30:00,12.35,Normal day,False
2023-03-27,11:00:00,15.37,Normal day,False
2023-03-27,11:30:00,10.91,Normal day,False
2023-03-27,12:00:00,47.76,Normal day,False
2023-03-27,12:30:00,37.44,Normal day,False
2023-03-27,13:00:00,35.49,Normal day,False
2023-03-27,13:30:00,46.06,Normal day,False
2023-03-27,14:00:00,16.14,Normal day,False
2023-03-27,14:30:00,28.12,Normal day,False
2023-03-27,15:00:00,15.71,Normal day,False
2023-03-27,15:30:00,19.92,Normal day,False
2023-03-27,16:00:00,11.42,Normal day,False
2023-03-27,16:30:00,15.83,Normal day,False
2023-03-27,17:00:00,12.38,Normal day,False
2023-03-27,17:30:00,20.8,Normal day,False
2023-03-27,18:00:00,84.09,Normal day,False
2023-03-27,18:30:00,54.46,Normal day,False
2023-03-27,19:00:00,82.18,Normal day,False
2023-03-27,19:30:00,82.76,Normal day,False
2023-03-27,20:00:00,67.9,Normal day,False
2023-03-27,20:30:00,68.92,Normal day,False
2023-03-27,21:00:00,90.61,Normal day,False
2023-03-27,21:30:00,63.95,Normal day,False
2023-03-27,22:00:00,15.33,Normal day,False
2023-03-27,22:30:00,13.91,Normal day,False
2023-03-27,23:00:00,8.84,Normal day,False
2023-03-27,23:30:00,5.51,Normal day,False
2023-03-28,00:00:00,10.7,Normal day,False
2023-03-28,00:30:00,17.06,Normal day,False
2023-03-28,01:00:00,17.41,Normal day,False
2023-03-28,01:30:00,9.36,Normal day,False
2023-03-28,02:00:00,7.58,Normal day,False
2023-03-28,02:30:00,10.87,Normal day,False
2023-03-28,03:00:00,8.58,Normal day,False
2023-03-28,03:30:00,7.37,Normal day,False
2023-03-28,04:00:00,7.4,Normal day,False
2023-03-28,04:30:00,13.56,Normal day,False
2023-03-28,05:00:00,70.8,Normal day,False
2023-03-28,05:30:00,51.64,Normal day,False
2023-03-28,06:00:00,46.39,Normal day,False
2023-03-28,06:30:00,49.26,Normal day,False
2023-03-28,07:00:00,55.06,Normal day,False
2023-03-28,07:30:00,60.63,Normal day,False
2023-03-28,08:00:00,56.7,Normal day,False
2023-03-28,08:30:00,57.58,Normal day,False
2023-03-28,09:00:00,15.03,Normal day,False
2023-03-28,09:30:00,19.26,Normal day,False
2023-03-28,10:00:00,14.98,Normal day,False
2023-03-28,10:30:00,15.12,Normal day,False
2023-03-28,11:00:00,17.74,Normal day,False
2023-03-28,11:30:00,20.33,Normal day,False
2023-03-28,12:00:00,46.93,Normal day,False
2023-03-28,12:30:00,41.98,Normal day,False
2023-03-28,13:00:00,48.84,Normal day,False
2023-03-28,13:30:00,50.42,Normal day,False
2023-03-28,14:00:00,15.28,Normal day,False
2023-03-28,14:30:00,26.47,Normal day,False
2023-03-28,15:00:00,17.67,Normal day,False
2023-03-28,15:30:00,16.9,Normal day,False
2023-03-28,16:00:00,15.32,Normal day,False
2023-03-28,16:30:00,13.64,Normal day,False
2023-03-28,17:00:00,20.51,Normal day,False
2023-03-28,17:30:00,25.24,Normal day,False
2023-03-28,18:00:00,58.13,Normal day,False
2023-03-28,18:30:00,61.51,Normal day,False
2023-03-28,19:00:00,86.51,Normal day,False
2023-03-28,19:30:00,66.3,Normal day,False
2023-03-28,20:00:00,84.68,Normal day,False
2023-03-28,20:30:00,62.94,Normal day,False
2023-03-28,21:00:00,76.47,Normal day,False
2023-03-28,21:30:00,79.07,Normal day,False
2023-03-28,22:00:00,7.54,Normal day,False
2023-03-28,22:30:00,10.89,Normal day,False
2023-03-28,23:00:00,15.0,Normal day,False
2023-03-28,23:30:00,12.64,Normal day,False
2023-03-29,00:00:00,16.92,Normal day,False
2023-03-29,00:30:00,14.17,Normal day,False
2023-03-29,01:00:00,5.38,Normal day,False
2023-03-29,01:30:00,14.33,Normal day,False
2023-03-29,02:00:00,12.42,Normal day,False
2023-03-29,02:30:00,10.17,Normal day,False
2023-03-29,03:00:00,7.73,Normal day,False
2023-03-29,03:30:00,15.3,Normal day,False
2023-03-29,04:00:00,7.01,Normal day,False
2023-03-29,04:30:00,7.5,Normal day,False
2023-03-29,05:00:00,46.06,Normal day,False
2023-03-29,05:30:00,62.69,Normal day,False
2023-03-29,06:00:00,49.14,Normal day,False
2023-03-29,06:30:00,58.03,Normal day,False
2023-03-29,07:00:00,59.55,Normal day,False
2023-03-29,07:30:00,65.0,Normal day,False
2023-03-29,08:00:00,44.17,Normal day,False
2023-03-29,08:30:00,47.44,Normal day,False
2023-03-29,09:00:00,19.81,Normal day,False
2023-03-29,09:30:00,17.25,Normal day,False
2023-03-29,10:00:00,14.69,Normal day,False
2023-03-29,10:30:00,13.83,Normal day,False
2023-03-29,11:00:00,11.13,Normal day,False
2023-03-29,11:30:00,14.73,Normal day,False
2023-03-29,12:00:00,36.32,Normal day,False
2023-03-29,12:30:00,49.4,Normal day,False
2023-03-29,13:00:00,52.0,Normal day,False
2023-03-29,13:30:00,49.98,Normal day,False
2023-03-29,14:00:00,15.33,Normal day,False
2023-03-29,14:30:00,21.11,Normal day,False
2023-03-29,15:00:00,15.83,Normal day,False
2023-03-29,15:30:00,25.2,Normal day,False
2023-03-29,16:00:00,22.03,Normal day,False
2023-03-29,16:30:00,15.3,Normal day,False
2023-03-29,17:00:00,22.41,Normal day,False
2023-03-29,17:30:00,16.83,Normal day,False
2023-03-29,18:00:00,90.35,Normal day,False
2023-03-29,18:30:00,88.97,Normal day,False
2023-03-29,19:00:00,78.48,Normal day,False
2023-03-29,19:30:00,77.5,Normal day,False
2023-03-29,20:00:00,91.18,Normal day,False
2023-03-29,20:30:00,59.62,Normal day,False
2023-03-29,21:00:00,76.82,Normal day,False
2023-03-29,21:30:00,84.11,Normal day,False
2023-03-29,22:00:00,6.77,Normal day,False
2023-03-29,22:30:00,9.15,Normal day,False
2023-03-29,23:00:00,6.33,Normal day,False
2023-03-29,23:30:00,13.79,Normal day,False
2023-03-30,00:00:00,13.66,House Party,False
2023-03-30,00:30:00,22.11,House Party,False
2023-03-30,01:00:00,19.3,House Party,False
2023-03-30,01:30:00,13.92,House Party,False
2023-03-30,02:00:00,17.58,House Party,False
2023-03-30,02:30:00,11.81,House Party,False
2023-03-30,03:00:00,17.99,House Party,False
2023-03-30,03:30:00,19.21,House Party,False
2023-03-30,04:00:00,18.93,House Party,False
2023-03-30,04:30:00,20.9,House Party,False
2023-03-30,05:00:00,79.53,House Party,False
2023-03-30,05:30:00,70.16,House Party,False
2023-03-30,06:00:00,93.5,House Party,False
2023-03-30,06:30:00,91.27,House Party,False
2023-03-30,07:00:00,94.89,House Party,False
2023-03-30,07:30:00,81.58,House Party,False
2023-03-30,08:00:00,100.0,House Party,False
2023-03-30,08:30:00,75.82,House Party,False
2023-03-30,09:00:00,19.48,House Party,False
2023-03-30,09:30:00,25.99,House Party,False
2023-03-30,10:00:00,26.82,House Party,False
2023-03-30,10:30:00,22.46,House Party,False
2023-03-30,11:00:00,17.79,House Party,False
2023-03-30,11:30:00,27.19,House Party,False
2023-03-30,12:00:00,53.03,House Party,False
2023-03-30,12:30:00,75.59,House Party,False
2023-03-30,13:00:00,60.89,House Party,False
2023-03-30,13:30:00,53.3,House Party,False
2023-03-30,14:00:00,33.99,House Party,False
2023-03-30,14:30:00,22.36,House Party,False
2023-03-30,15:00:00,21.31,House Party,False
2023-03-30,15:30:00,26.85,House Party,False
2023-03-30,16:00:00,23.28,House Party,False
2023-03-30,16:30:00,30.14,House Party,False
2023-03-30,17:00:00,32.95,House Party,False
2023-03-30,17:30:00,27.97,House Party,False
2023-03-30,18:00:00,95.68,House Party,False
2023-03-30,18:30:00,100.0,House Party,False
2023-03-30,19:00:00,100.0,House Party,False
2023-03-30,19:30:00,100.0,House Party,False
2023-03-30,20:00:00,100.0,House Party,False
2023-03-30,20:30:00,100.0,House Party,False
2023-03-30,21:00:00,100.0,House Party,False
2023-03-30,21:30:00,99.88,House Party,False
2023-03-30,22:00:00,8.82,House Party,False
2023-03-30,22:30:00,18.59,House Party,False
2023-03-30,23:00:00,15.72,House Party,False
2023-03-30,23:30:00,16.79,House Party,False
2023-03-31,00:00:00,11.91,Normal day,False
2023-03-31,00:30:00,9.16,Normal day,False
2023-03-31,01:00:00,9.69,Normal day,False
2023-03-31,01:30:00,16.95,Normal day,False
2023-03-31,02:00:00,12.16,Normal day,False
2023-03-31,02:30:00,9.9,Normal day,False
2023-03-31,03:00:00,9.3,Normal day,False
2023-03-31,03:30:00,6.78,Normal day,False
2023-03-31,04:00:00,7.69,Normal day,False
2023-03-31,04:30:00,13.25,Normal day,False
2023-03-31,05:00:00,51.56,Normal day,False
2023-03-31,05:30:00,49.13,Normal day,False
2023-03-31,06:00:00,49.04,Normal day,False
2023-03-31,06:30:00,58.91,Normal day,False
2023-03-31,07:00:00,55.01,Normal day,False
2023-03-31,07:30:00,62.11,Normal day,False
2023-03-31,08:00:00,46.73,Normal day,False
2023-03-31,08:30:00,59.13,Normal day,False
2023-03-31,09:00:00,23.06,Normal day,False
2023-03-31,09:30:00,12.6,Normal day,False
2023-03-31,10:00:00,20.39,Normal day,False
2023-03-31,10:30:00,17.56,Normal day,False
2023-03-31,11:00:00,16.05,Normal day,False
2023-03-31,11:30:00,19.33,Normal day,False
2023-03-31,12:00:00,58.7,Normal day,False
2023-03-31,12:30:00,38.51,Normal day,False
2023-03-31,13:00:00,43.48,Normal day,False
2023-03-31,13:30:00,33.38,Normal day,False
2023-03-31,14:00:00,11.55,Normal day,False
2023-03-31,14:30:00,21.43,Normal day,False
2023-03-31,15:00:00,17.48,Normal day,False
2023-03-31,15:30:00,19.45,Normal day,False
2023-03-31,16:00:00,12.43,Normal day,False
2023-03-31,16:30:00,20.13,Normal day,False
2023-03-31,17:00:00,14.89,Normal day,False
2023-03-31,17:30:00,10.61,Normal day,False
2023-03-31,18:00:00,70.12,Normal day,False
2023-03-31,18:30:00,86.71,Normal day,False
2023-03-31,19:00:00,60.46,Normal day,False
2023-03-31,19:30:00,79.42,Normal day,False
2023-03-31,20:00:00,62.81,Normal day,False
2023-03-31,20:30:00,61.96,Normal day,False
2023-03-31,21:00:00,68.53,Normal day,False
2023-03-31,21:30:00,55.05,Normal day,False
2023-03-31,22:00:00,12.08,Normal day,False
2023-03-31,22:30:00,13.55,Normal day,False
2023-03-31,23:00:00,10.46,Normal day,False
2023-03-31,23:30:00,13.78,Normal day,False
