Date,Time,Usage Percentage,Convert Litter,Special Events,Is Weekend
2024-02-01,00:00:00,5.18,51.8,Normal day,False
2024-02-01,00:30:00,5.05,50.5,Normal day,False
2024-02-01,01:00:00,10.79,107.9,Normal day,False
2024-02-01,01:30:00,4.24,42.4,Normal day,False
2024-02-01,02:00:00,11.47,114.7,Normal day,False
2024-02-01,02:30:00,9.51,95.1,Normal day,False
2024-02-01,03:00:00,12.08,120.8,Normal day,False
2024-02-01,03:30:00,6.51,65.1,Normal day,False
2024-02-01,04:00:00,7.21,72.1,Normal day,False
2024-02-01,04:30:00,4.42,44.2,Normal day,False
2024-02-01,05:00:00,29.77,297.7,Normal day,False
2024-02-01,05:30:00,26.25,262.5,Normal day,False
2024-02-01,06:00:00,25.59,255.9,Normal day,False
2024-02-01,06:30:00,33.73,337.3,Normal day,False
2024-02-01,07:00:00,28.53,285.3,Normal day,False
2024-02-01,07:30:00,36.0,360.0,Normal day,False
2024-02-01,08:00:00,32.28,322.8,Normal day,False
2024-02-01,08:30:00,37.79,377.9,Normal day,False
2024-02-01,09:00:00,11.72,117.2,Normal day,False
2024-02-01,09:30:00,15.41,154.1,Normal day,False
2024-02-01,10:00:00,13.95,139.5,Normal day,False
2024-02-01,10:30:00,11.03,110.3,Normal day,False
2024-02-01,11:00:00,9.39,93.9,Normal day,False
2024-02-01,11:30:00,8.89,88.9,Normal day,False
2024-02-01,12:00:00,34.88,348.8,Normal day,False
2024-02-01,12:30:00,37.31,373.1,Normal day,False
2024-02-01,13:00:00,32.21,322.1,Normal day,False
2024-02-01,13:30:00,26.66,266.6,Normal day,False
2024-02-01,14:00:00,13.4,134.0,Normal day,False
2024-02-01,14:30:00,11.72,117.2,Normal day,False
2024-02-01,15:00:00,17.41,174.1,Normal day,False
2024-02-01,15:30:00,8.65,86.5,Normal day,False
2024-02-01,16:00:00,7.83,78.3,Normal day,False
2024-02-01,16:30:00,14.59,145.9,Normal day,False
2024-02-01,17:00:00,8.25,82.5,Normal day,False
2024-02-01,17:30:00,18.13,181.3,Normal day,False
2024-02-01,18:00:00,45.28,452.8,Normal day,False
2024-02-01,18:30:00,54.99,549.9,Normal day,False
2024-02-01,19:00:00,42.1,421.0,Normal day,False
2024-02-01,19:30:00,43.72,437.2,Normal day,False
2024-02-01,20:00:00,43.31,433.1,Normal day,False
2024-02-01,20:30:00,44.05,440.5,Normal day,False
2024-02-01,21:00:00,48.85,488.5,Normal day,False
2024-02-01,21:30:00,49.89,498.9,Normal day,False
2024-02-01,22:00:00,6.89,68.9,Normal day,False
2024-02-01,22:30:00,11.23,112.3,Normal day,False
2024-02-01,23:00:00,8.8,88.0,Normal day,False
2024-02-01,23:30:00,8.16,81.6,Normal day,False
2024-02-02,00:00:00,8.57,85.7,Normal day,False
2024-02-02,00:30:00,9.49,94.9,Normal day,False
2024-02-02,01:00:00,9.14,91.4,Normal day,False
2024-02-02,01:30:00,9.84,98.4,Normal day,False
2024-02-02,02:00:00,5.64,56.4,Normal day,False
2024-02-02,02:30:00,7.96,79.6,Normal day,False
2024-02-02,03:00:00,10.62,106.2,Normal day,False
2024-02-02,03:30:00,8.68,86.8,Normal day,False
2024-02-02,04:00:00,6.2,62.0,Normal day,False
2024-02-02,04:30:00,11.32,113.2,Normal day,False
2024-02-02,05:00:00,23.74,237.4,Normal day,False
2024-02-02,05:30:00,31.23,312.3,Normal day,False
2024-02-02,06:00:00,32.36,323.6,Normal day,False
2024-02-02,06:30:00,24.62,246.2,Normal day,False
2024-02-02,07:00:00,27.98,279.8,Normal day,False
2024-02-02,07:30:00,33.83,338.3,Normal day,False
2024-02-02,08:00:00,25.55,255.5,Normal day,False
2024-02-02,08:30:00,29.43,294.3,Normal day,False
2024-02-02,09:00:00,13.61,136.1,Normal day,False
2024-02-02,09:30:00,16.43,164.3,Normal day,False
2024-02-02,10:00:00,12.04,120.4,Normal day,False
2024-02-02,10:30:00,9.2,92.0,Normal day,False
2024-02-02,11:00:00,14.58,145.8,Normal day,False
2024-02-02,11:30:00,17.07,170.7,Normal day,False
2024-02-02,12:00:00,30.77,307.7,Normal day,False
2024-02-02,12:30:00,39.02,390.2,Normal day,False
2024-02-02,13:00:00,30.43,304.3,Normal day,False
2024-02-02,13:30:00,28.69,286.9,Normal day,False
2024-02-02,14:00:00,12.05,120.5,Normal day,False
2024-02-02,14:30:00,13.8,138.0,Normal day,False
2024-02-02,15:00:00,19.88,198.8,Normal day,False
2024-02-02,15:30:00,12.4,124.0,Normal day,False
2024-02-02,16:00:00,13.36,133.6,Normal day,False
2024-02-02,16:30:00,10.27,102.7,Normal day,False
2024-02-02,17:00:00,12.86,128.6,Normal day,False
2024-02-02,17:30:00,9.11,91.1,Normal day,False
2024-02-02,18:00:00,43.5,435.0,Normal day,False
2024-02-02,18:30:00,43.07,430.7,Normal day,False
2024-02-02,19:00:00,41.75,417.5,Normal day,False
2024-02-02,19:30:00,42.63,426.3,Normal day,False
2024-02-02,20:00:00,43.73,437.3,Normal day,False
2024-02-02,20:30:00,43.83,438.3,Normal day,False
2024-02-02,21:00:00,49.35,493.5,Normal day,False
2024-02-02,21:30:00,57.0,570.0,Normal day,False
2024-02-02,22:00:00,9.24,92.4,Normal day,False
2024-02-02,22:30:00,6.99,69.9,Normal day,False
2024-02-02,23:00:00,8.74,87.4,Normal day,False
2024-02-02,23:30:00,9.63,96.3,Normal day,False
2024-02-03,00:00:00,9.47,94.7,Normal day,True
2024-02-03,00:30:00,8.08,80.8,Normal day,True
2024-02-03,01:00:00,5.53,55.3,Normal day,True
2024-02-03,01:30:00,5.5,55.0,Normal day,True
2024-02-03,02:00:00,4.18,41.8,Normal day,True
2024-02-03,02:30:00,9.03,90.3,Normal day,True
2024-02-03,03:00:00,13.06,130.6,Normal day,True
2024-02-03,03:30:00,5.67,56.7,Normal day,True
2024-02-03,04:00:00,10.27,102.7,Normal day,True
2024-02-03,04:30:00,11.73,117.3,Normal day,True
2024-02-03,05:00:00,7.99,79.9,Normal day,True
2024-02-03,05:30:00,4.7,47.0,Normal day,True
2024-02-03,06:00:00,4.89,48.9,Normal day,True
2024-02-03,06:30:00,11.35,113.5,Normal day,True
2024-02-03,07:00:00,40.23,402.3,Normal day,True
2024-02-03,07:30:00,45.93,459.3,Normal day,True
2024-02-03,08:00:00,56.7,567.0,Normal day,True
2024-02-03,08:30:00,44.89,448.9,Normal day,True
2024-02-03,09:00:00,48.29,482.9,Normal day,True
2024-02-03,09:30:00,45.8,458.0,Normal day,True
2024-02-03,10:00:00,50.39,503.9,Normal day,True
2024-02-03,10:30:00,48.86,488.6,Normal day,True
2024-02-03,11:00:00,28.45,284.5,Normal day,True
2024-02-03,11:30:00,35.31,353.1,Normal day,True
2024-02-03,12:00:00,32.86,328.6,Normal day,True
2024-02-03,12:30:00,29.83,298.3,Normal day,True
2024-02-03,13:00:00,46.28,462.8,Normal day,True
2024-02-03,13:30:00,41.7,417.0,Normal day,True
2024-02-03,14:00:00,41.56,415.6,Normal day,True
2024-02-03,14:30:00,49.56,495.6,Normal day,True
2024-02-03,15:00:00,36.29,362.9,Normal day,True
2024-02-03,15:30:00,29.26,292.6,Normal day,True
2024-02-03,16:00:00,39.96,399.6,Normal day,True
2024-02-03,16:30:00,27.25,272.5,Normal day,True
2024-02-03,17:00:00,30.94,309.4,Normal day,True
2024-02-03,17:30:00,29.8,298.0,Normal day,True
2024-02-03,18:00:00,61.25,612.5,Normal day,True
2024-02-03,18:30:00,50.92,509.2,Normal day,True
2024-02-03,19:00:00,60.37,603.7,Normal day,True
2024-02-03,19:30:00,56.99,569.9,Normal day,True
2024-02-03,20:00:00,48.43,484.3,Normal day,True
2024-02-03,20:30:00,49.11,491.1,Normal day,True
2024-02-03,21:00:00,53.79,537.9,Normal day,True
2024-02-03,21:30:00,57.32,573.2,Normal day,True
2024-02-03,22:00:00,53.35,533.5,Normal day,True
2024-02-03,22:30:00,58.47,584.7,Normal day,True
2024-02-03,23:00:00,6.22,62.2,Normal day,True
2024-02-03,23:30:00,4.88,48.8,Normal day,True
2024-02-04,00:00:00,4.47,44.7,Normal day,True
2024-02-04,00:30:00,5.59,55.9,Normal day,True
2024-02-04,01:00:00,6.46,64.6,Normal day,True
2024-02-04,01:30:00,11.35,113.5,Normal day,True
2024-02-04,02:00:00,11.59,115.9,Normal day,True
2024-02-04,02:30:00,11.27,112.7,Normal day,True
2024-02-04,03:00:00,6.78,67.8,Normal day,True
2024-02-04,03:30:00,9.37,93.7,Normal day,True
2024-02-04,04:00:00,5.3,53.0,Normal day,True
2024-02-04,04:30:00,8.01,80.1,Normal day,True
2024-02-04,05:00:00,4.28,42.8,Normal day,True
2024-02-04,05:30:00,10.39,103.9,Normal day,True
2024-02-04,06:00:00,10.17,101.7,Normal day,True
2024-02-04,06:30:00,9.71,97.1,Normal day,True
2024-02-04,07:00:00,46.99,469.9,Normal day,True
2024-02-04,07:30:00,44.8,448.0,Normal day,True
2024-02-04,08:00:00,41.78,417.8,Normal day,True
2024-02-04,08:30:00,45.92,459.2,Normal day,True
2024-02-04,09:00:00,45.82,458.2,Normal day,True
2024-02-04,09:30:00,53.8,538.0,Normal day,True
2024-02-04,10:00:00,58.09,580.9,Normal day,True
2024-02-04,10:30:00,38.56,385.6,Normal day,True
2024-02-04,11:00:00,32.89,328.9,Normal day,True
2024-02-04,11:30:00,37.85,378.5,Normal day,True
2024-02-04,12:00:00,35.1,351.0,Normal day,True
2024-02-04,12:30:00,42.97,429.7,Normal day,True
2024-02-04,13:00:00,50.28,502.8,Normal day,True
2024-02-04,13:30:00,51.51,515.1,Normal day,True
2024-02-04,14:00:00,44.48,444.8,Normal day,True
2024-02-04,14:30:00,33.14,331.4,Normal day,True
2024-02-04,15:00:00,34.31,343.1,Normal day,True
2024-02-04,15:30:00,32.89,328.9,Normal day,True
2024-02-04,16:00:00,39.07,390.7,Normal day,True
2024-02-04,16:30:00,28.28,282.8,Normal day,True
2024-02-04,17:00:00,36.42,364.2,Normal day,True
2024-02-04,17:30:00,27.71,277.1,Normal day,True
2024-02-04,18:00:00,50.58,505.8,Normal day,True
2024-02-04,18:30:00,48.62,486.2,Normal day,True
2024-02-04,19:00:00,58.4,584.0,Normal day,True
2024-02-04,19:30:00,54.21,542.1,Normal day,True
2024-02-04,20:00:00,57.11,571.1,Normal day,True
2024-02-04,20:30:00,63.66,636.6,Normal day,True
2024-02-04,21:00:00,61.76,617.6,Normal day,True
2024-02-04,21:30:00,59.03,590.3,Normal day,True
2024-02-04,22:00:00,58.77,587.7,Normal day,True
2024-02-04,22:30:00,56.7,567.0,Normal day,True
2024-02-04,23:00:00,6.91,69.1,Normal day,True
2024-02-04,23:30:00,7.83,78.3,Normal day,True
2024-02-05,00:00:00,10.66,106.6,Normal day,False
2024-02-05,00:30:00,10.46,104.6,Normal day,False
2024-02-05,01:00:00,9.19,91.9,Normal day,False
2024-02-05,01:30:00,11.18,111.8,Normal day,False
2024-02-05,02:00:00,6.99,69.9,Normal day,False
2024-02-05,02:30:00,8.12,81.2,Normal day,False
2024-02-05,03:00:00,5.38,53.8,Normal day,False
2024-02-05,03:30:00,11.06,110.6,Normal day,False
2024-02-05,04:00:00,6.6,66.0,Normal day,False
2024-02-05,04:30:00,5.97,59.7,Normal day,False
2024-02-05,05:00:00,36.19,361.9,Normal day,False
2024-02-05,05:30:00,29.53,295.3,Normal day,False
2024-02-05,06:00:00,31.1,311.0,Normal day,False
2024-02-05,06:30:00,37.18,371.8,Normal day,False
2024-02-05,07:00:00,25.66,256.6,Normal day,False
2024-02-05,07:30:00,32.82,328.2,Normal day,False
2024-02-05,08:00:00,35.81,358.1,Normal day,False
2024-02-05,08:30:00,25.5,255.0,Normal day,False
2024-02-05,09:00:00,9.36,93.6,Normal day,False
2024-02-05,09:30:00,10.81,108.1,Normal day,False
2024-02-05,10:00:00,9.78,97.8,Normal day,False
2024-02-05,10:30:00,14.84,148.4,Normal day,False
2024-02-05,11:00:00,13.63,136.3,Normal day,False
2024-02-05,11:30:00,11.78,117.8,Normal day,False
2024-02-05,12:00:00,40.01,400.1,Normal day,False
2024-02-05,12:30:00,41.58,415.8,Normal day,False
2024-02-05,13:00:00,29.73,297.3,Normal day,False
2024-02-05,13:30:00,41.28,412.8,Normal day,False
2024-02-05,14:00:00,17.01,170.1,Normal day,False
2024-02-05,14:30:00,10.02,100.2,Normal day,False
2024-02-05,15:00:00,14.49,144.9,Normal day,False
2024-02-05,15:30:00,15.35,153.5,Normal day,False
2024-02-05,16:00:00,18.1,181.0,Normal day,False
2024-02-05,16:30:00,12.44,124.4,Normal day,False
2024-02-05,17:00:00,17.15,171.5,Normal day,False
2024-02-05,17:30:00,16.95,169.5,Normal day,False
2024-02-05,18:00:00,56.34,563.4,Normal day,False
2024-02-05,18:30:00,42.67,426.7,Normal day,False
2024-02-05,19:00:00,47.47,474.7,Normal day,False
2024-02-05,19:30:00,52.87,528.7,Normal day,False
2024-02-05,20:00:00,38.99,389.9,Normal day,False
2024-02-05,20:30:00,44.97,449.7,Normal day,False
2024-02-05,21:00:00,46.66,466.6,Normal day,False
2024-02-05,21:30:00,44.58,445.8,Normal day,False
2024-02-05,22:00:00,12.34,123.4,Normal day,False
2024-02-05,22:30:00,6.94,69.4,Normal day,False
2024-02-05,23:00:00,7.83,78.3,Normal day,False
2024-02-05,23:30:00,4.48,44.8,Normal day,False
2024-02-06,00:00:00,12.89,128.9,Normal day,False
2024-02-06,00:30:00,4.81,48.1,Normal day,False
2024-02-06,01:00:00,10.91,109.1,Normal day,False
2024-02-06,01:30:00,8.11,81.1,Normal day,False
2024-02-06,02:00:00,8.41,84.1,Normal day,False
2024-02-06,02:30:00,6.78,67.8,Normal day,False
2024-02-06,03:00:00,5.73,57.3,Normal day,False
2024-02-06,03:30:00,6.58,65.8,Normal day,False
2024-02-06,04:00:00,11.53,115.3,Normal day,False
2024-02-06,04:30:00,10.48,104.8,Normal day,False
2024-02-06,05:00:00,32.33,323.3,Normal day,False
2024-02-06,05:30:00,33.8,338.0,Normal day,False
2024-02-06,06:00:00,28.71,287.1,Normal day,False
2024-02-06,06:30:00,31.73,317.3,Normal day,False
2024-02-06,07:00:00,36.87,368.7,Normal day,False
2024-02-06,07:30:00,32.93,329.3,Normal day,False
2024-02-06,08:00:00,29.12,291.2,Normal day,False
2024-02-06,08:30:00,34.28,342.8,Normal day,False
2024-02-06,09:00:00,10.29,102.9,Normal day,False
2024-02-06,09:30:00,12.77,127.7,Normal day,False
2024-02-06,10:00:00,10.7,107.0,Normal day,False
2024-02-06,10:30:00,11.32,113.2,Normal day,False
2024-02-06,11:00:00,15.18,151.8,Normal day,False
2024-02-06,11:30:00,12.68,126.8,Normal day,False
2024-02-06,12:00:00,37.46,374.6,Normal day,False
2024-02-06,12:30:00,34.51,345.1,Normal day,False
2024-02-06,13:00:00,27.23,272.3,Normal day,False
2024-02-06,13:30:00,35.23,352.3,Normal day,False
2024-02-06,14:00:00,17.94,179.4,Normal day,False
2024-02-06,14:30:00,18.61,186.1,Normal day,False
2024-02-06,15:00:00,10.49,104.9,Normal day,False
2024-02-06,15:30:00,8.1,81.0,Normal day,False
2024-02-06,16:00:00,8.47,84.7,Normal day,False
2024-02-06,16:30:00,9.73,97.3,Normal day,False
2024-02-06,17:00:00,18.0,180.0,Normal day,False
2024-02-06,17:30:00,12.71,127.1,Normal day,False
2024-02-06,18:00:00,52.08,520.8,Normal day,False
2024-02-06,18:30:00,53.41,534.1,Normal day,False
2024-02-06,19:00:00,53.65,536.5,Normal day,False
2024-02-06,19:30:00,50.28,502.8,Normal day,False
2024-02-06,20:00:00,50.65,506.5,Normal day,False
2024-02-06,20:30:00,55.99,559.9,Normal day,False
2024-02-06,21:00:00,53.64,536.4,Normal day,False
2024-02-06,21:30:00,50.95,509.5,Normal day,False
2024-02-06,22:00:00,5.01,50.1,Normal day,False
2024-02-06,22:30:00,8.64,86.4,Normal day,False
2024-02-06,23:00:00,12.01,120.1,Normal day,False
2024-02-06,23:30:00,10.12,101.2,Normal day,False
2024-02-07,00:00:00,7.75,77.5,Normal day,False
2024-02-07,00:30:00,5.23,52.3,Normal day,False
2024-02-07,01:00:00,6.7,67.0,Normal day,False
2024-02-07,01:30:00,5.62,56.2,Normal day,False
2024-02-07,02:00:00,11.64,116.4,Normal day,False
2024-02-07,02:30:00,11.04,110.4,Normal day,False
2024-02-07,03:00:00,9.82,98.2,Normal day,False
2024-02-07,03:30:00,7.47,74.7,Normal day,False
2024-02-07,04:00:00,10.09,100.9,Normal day,False
2024-02-07,04:30:00,11.06,110.6,Normal day,False
2024-02-07,05:00:00,26.62,266.2,Normal day,False
2024-02-07,05:30:00,24.28,242.8,Normal day,False
2024-02-07,06:00:00,30.02,300.2,Normal day,False
2024-02-07,06:30:00,25.89,258.9,Normal day,False
2024-02-07,07:00:00,25.82,258.2,Normal day,False
2024-02-07,07:30:00,30.6,306.0,Normal day,False
2024-02-07,08:00:00,33.55,335.5,Normal day,False
2024-02-07,08:30:00,35.15,351.5,Normal day,False
2024-02-07,09:00:00,13.13,131.3,Normal day,False
2024-02-07,09:30:00,15.12,151.2,Normal day,False
2024-02-07,10:00:00,9.0,90.0,Normal day,False
2024-02-07,10:30:00,12.93,129.3,Normal day,False
2024-02-07,11:00:00,14.99,149.9,Normal day,False
2024-02-07,11:30:00,9.16,91.6,Normal day,False
2024-02-07,12:00:00,30.15,301.5,Normal day,False
2024-02-07,12:30:00,30.84,308.4,Normal day,False
2024-02-07,13:00:00,29.62,296.2,Normal day,False
2024-02-07,13:30:00,29.48,294.8,Normal day,False
2024-02-07,14:00:00,7.74,77.4,Normal day,False
2024-02-07,14:30:00,18.88,188.8,Normal day,False
2024-02-07,15:00:00,9.72,97.2,Normal day,False
2024-02-07,15:30:00,9.21,92.1,Normal day,False
2024-02-07,16:00:00,14.77,147.7,Normal day,False
2024-02-07,16:30:00,10.26,102.6,Normal day,False
2024-02-07,17:00:00,17.68,176.8,Normal day,False
2024-02-07,17:30:00,16.14,161.4,Normal day,False
2024-02-07,18:00:00,42.75,427.5,Normal day,False
2024-02-07,18:30:00,57.81,578.1,Normal day,False
2024-02-07,19:00:00,43.58,435.8,Normal day,False
2024-02-07,19:30:00,42.94,429.4,Normal day,False
2024-02-07,20:00:00,46.76,467.6,Normal day,False
2024-02-07,20:30:00,45.77,457.7,Normal day,False
2024-02-07,21:00:00,47.21,472.1,Normal day,False
2024-02-07,21:30:00,47.31,473.1,Normal day,False
2024-02-07,22:00:00,12.86,128.6,Normal day,False
2024-02-07,22:30:00,5.54,55.4,Normal day,False
2024-02-07,23:00:00,6.17,61.7,Normal day,False
2024-02-07,23:30:00,6.72,67.2,Normal day,False
2024-02-08,00:00:00,6.5,65.0,House Party,False
2024-02-08,00:30:00,17.8,178.0,House Party,False
2024-02-08,01:00:00,7.74,77.4,House Party,False
2024-02-08,01:30:00,7.46,74.6,House Party,False
2024-02-08,02:00:00,12.69,126.9,House Party,False
2024-02-08,02:30:00,7.3,73.0,House Party,False
2024-02-08,03:00:00,15.92,159.2,House Party,False
2024-02-08,03:30:00,17.51,175.1,House Party,False
2024-02-08,04:00:00,17.6,176.0,House Party,False
2024-02-08,04:30:00,11.52,115.2,House Party,False
2024-02-08,05:00:00,40.11,401.1,House Party,False
2024-02-08,05:30:00,44.07,440.7,House Party,False
2024-02-08,06:00:00,44.68,446.8,House Party,False
2024-02-08,06:30:00,40.31,403.1,House Party,False
2024-02-08,07:00:00,47.48,474.8,House Party,False
2024-02-08,07:30:00,51.02,510.2,House Party,False
2024-02-08,08:00:00,57.52,575.2,House Party,False
2024-02-08,08:30:00,56.25,562.5,House Party,False
2024-02-08,09:00:00,20.84,208.4,House Party,False
2024-02-08,09:30:00,23.71,237.1,House Party,False
2024-02-08,10:00:00,12.64,126.4,House Party,False
2024-02-08,10:30:00,23.8,238.0,House Party,False
2024-02-08,11:00:00,13.36,133.6,House Party,False
2024-02-08,11:30:00,15.89,158.9,House Party,False
2024-02-08,12:00:00,38.14,381.4,House Party,False
2024-02-08,12:30:00,48.92,489.2,House Party,False
2024-02-08,13:00:00,47.44,474.4,House Party,False
2024-02-08,13:30:00,58.27,582.7,House Party,False
2024-02-08,14:00:00,15.69,156.9,House Party,False
2024-02-08,14:30:00,12.18,121.8,House Party,False
2024-02-08,15:00:00,17.89,178.9,House Party,False
2024-02-08,15:30:00,28.74,287.4,House Party,False
2024-02-08,16:00:00,23.32,233.2,House Party,False
2024-02-08,16:30:00,22.3,223.0,House Party,False
2024-02-08,17:00:00,21.72,217.2,House Party,False
2024-02-08,17:30:00,15.38,153.8,House Party,False
2024-02-08,18:00:00,64.33,643.3,House Party,False
2024-02-08,18:30:00,62.51,625.1,House Party,False
2024-02-08,19:00:00,80.43,804.3,House Party,False
2024-02-08,19:30:00,70.77,707.7,House Party,False
2024-02-08,20:00:00,58.57,585.7,House Party,False
2024-02-08,20:30:00,66.91,669.1,House Party,False
2024-02-08,21:00:00,71.32,713.2,House Party,False
2024-02-08,21:30:00,66.34,663.4,House Party,False
2024-02-08,22:00:00,11.21,112.1,House Party,False
2024-02-08,22:30:00,17.83,178.3,House Party,False
2024-02-08,23:00:00,9.45,94.5,House Party,False
2024-02-08,23:30:00,7.21,72.1,House Party,False
2024-02-09,00:00:00,11.24,112.4,Normal day,False
2024-02-09,00:30:00,7.02,70.2,Normal day,False
2024-02-09,01:00:00,7.55,75.5,Normal day,False
2024-02-09,01:30:00,4.94,49.4,Normal day,False
2024-02-09,02:00:00,6.41,64.1,Normal day,False
2024-02-09,02:30:00,11.43,114.3,Normal day,False
2024-02-09,03:00:00,8.01,80.1,Normal day,False
2024-02-09,03:30:00,7.99,79.9,Normal day,False
2024-02-09,04:00:00,8.81,88.1,Normal day,False
2024-02-09,04:30:00,9.07,90.7,Normal day,False
2024-02-09,05:00:00,26.3,263.0,Normal day,False
2024-02-09,05:30:00,30.82,308.2,Normal day,False
2024-02-09,06:00:00,27.37,273.7,Normal day,False
2024-02-09,06:30:00,34.41,344.1,Normal day,False
2024-02-09,07:00:00,28.88,288.8,Normal day,False
2024-02-09,07:30:00,39.81,398.1,Normal day,False
2024-02-09,08:00:00,26.29,262.9,Normal day,False
2024-02-09,08:30:00,24.74,247.4,Normal day,False
2024-02-09,09:00:00,16.22,162.2,Normal day,False
2024-02-09,09:30:00,11.36,113.6,Normal day,False
2024-02-09,10:00:00,11.41,114.1,Normal day,False
2024-02-09,10:30:00,10.65,106.5,Normal day,False
2024-02-09,11:00:00,10.92,109.2,Normal day,False
2024-02-09,11:30:00,15.79,157.9,Normal day,False
2024-02-09,12:00:00,40.12,401.2,Normal day,False
2024-02-09,12:30:00,24.62,246.2,Normal day,False
2024-02-09,13:00:00,31.63,316.3,Normal day,False
2024-02-09,13:30:00,41.68,416.8,Normal day,False
2024-02-09,14:00:00,17.49,174.9,Normal day,False
2024-02-09,14:30:00,9.05,90.5,Normal day,False
2024-02-09,15:00:00,19.33,193.3,Normal day,False
2024-02-09,15:30:00,12.21,122.1,Normal day,False
2024-02-09,16:00:00,18.25,182.5,Normal day,False
2024-02-09,16:30:00,11.21,112.1,Normal day,False
2024-02-09,17:00:00,13.39,133.9,Normal day,False
2024-02-09,17:30:00,9.28,92.8,Normal day,False
2024-02-09,18:00:00,51.34,513.4,Normal day,False
2024-02-09,18:30:00,44.91,449.1,Normal day,False
2024-02-09,19:00:00,47.45,474.5,Normal day,False
2024-02-09,19:30:00,43.89,438.9,Normal day,False
2024-02-09,20:00:00,47.25,472.5,Normal day,False
2024-02-09,20:30:00,54.23,542.3,Normal day,False
2024-02-09,21:00:00,43.13,431.3,Normal day,False
2024-02-09,21:30:00,49.64,496.4,Normal day,False
2024-02-09,22:00:00,6.99,69.9,Normal day,False
2024-02-09,22:30:00,8.16,81.6,Normal day,False
2024-02-09,23:00:00,7.98,79.8,Normal day,False
2024-02-09,23:30:00,9.55,95.5,Normal day,False
2024-02-10,00:00:00,5.0,50.0,Normal day,True
2024-02-10,00:30:00,7.89,78.9,Normal day,True
2024-02-10,01:00:00,7.58,75.8,Normal day,True
2024-02-10,01:30:00,5.99,59.9,Normal day,True
2024-02-10,02:00:00,10.74,107.4,Normal day,True
2024-02-10,02:30:00,9.09,90.9,Normal day,True
2024-02-10,03:00:00,7.47,74.7,Normal day,True
2024-02-10,03:30:00,7.07,70.7,Normal day,True
2024-02-10,04:00:00,6.98,69.8,Normal day,True
2024-02-10,04:30:00,3.97,39.7,Normal day,True
2024-02-10,05:00:00,9.02,90.2,Normal day,True
2024-02-10,05:30:00,10.55,105.5,Normal day,True
2024-02-10,06:00:00,11.99,119.9,Normal day,True
2024-02-10,06:30:00,8.0,80.0,Normal day,True
2024-02-10,07:00:00,44.5,445.0,Normal day,True
2024-02-10,07:30:00,58.52,585.2,Normal day,True
2024-02-10,08:00:00,49.15,491.5,Normal day,True
2024-02-10,08:30:00,42.98,429.8,Normal day,True
2024-02-10,09:00:00,47.61,476.1,Normal day,True
2024-02-10,09:30:00,50.8,508.0,Normal day,True
2024-02-10,10:00:00,57.04,570.4,Normal day,True
2024-02-10,10:30:00,57.16,571.6,Normal day,True
2024-02-10,11:00:00,34.98,349.8,Normal day,True
2024-02-10,11:30:00,33.63,336.3,Normal day,True
2024-02-10,12:00:00,32.14,321.4,Normal day,True
2024-02-10,12:30:00,37.55,375.5,Normal day,True
2024-02-10,13:00:00,50.01,500.1,Normal day,True
2024-02-10,13:30:00,31.73,317.3,Normal day,True
2024-02-10,14:00:00,37.52,375.2,Normal day,True
2024-02-10,14:30:00,49.94,499.4,Normal day,True
2024-02-10,15:00:00,27.35,273.5,Normal day,True
2024-02-10,15:30:00,24.76,247.6,Normal day,True
2024-02-10,16:00:00,23.78,237.8,Normal day,True
2024-02-10,16:30:00,38.35,383.5,Normal day,True
2024-02-10,17:00:00,41.03,410.3,Normal day,True
2024-02-10,17:30:00,24.54,245.4,Normal day,True
2024-02-10,18:00:00,54.99,549.9,Normal day,True
2024-02-10,18:30:00,52.92,529.2,Normal day,True
2024-02-10,19:00:00,59.5,595.0,Normal day,True
2024-02-10,19:30:00,62.35,623.5,Normal day,True
2024-02-10,20:00:00,56.87,568.7,Normal day,True
2024-02-10,20:30:00,46.29,462.9,Normal day,True
2024-02-10,21:00:00,56.48,564.8,Normal day,True
2024-02-10,21:30:00,58.16,581.6,Normal day,True
2024-02-10,22:00:00,64.06,640.6,Normal day,True
2024-02-10,22:30:00,62.07,620.7,Normal day,True
2024-02-10,23:00:00,10.96,109.6,Normal day,True
2024-02-10,23:30:00,6.97,69.7,Normal day,True
2024-02-11,00:00:00,7.25,72.5,Normal day,True
2024-02-11,00:30:00,8.12,81.2,Normal day,True
2024-02-11,01:00:00,5.52,55.2,Normal day,True
2024-02-11,01:30:00,12.36,123.6,Normal day,True
2024-02-11,02:00:00,5.31,53.1,Normal day,True
2024-02-11,02:30:00,10.12,101.2,Normal day,True
2024-02-11,03:00:00,4.49,44.9,Normal day,True
2024-02-11,03:30:00,7.33,73.3,Normal day,True
2024-02-11,04:00:00,4.74,47.4,Normal day,True
2024-02-11,04:30:00,5.72,57.2,Normal day,True
2024-02-11,05:00:00,7.18,71.8,Normal day,True
2024-02-11,05:30:00,9.81,98.1,Normal day,True
2024-02-11,06:00:00,4.61,46.1,Normal day,True
2024-02-11,06:30:00,12.24,122.4,Normal day,True
2024-02-11,07:00:00,56.57,565.7,Normal day,True
2024-02-11,07:30:00,44.96,449.6,Normal day,True
2024-02-11,08:00:00,57.38,573.8,Normal day,True
2024-02-11,08:30:00,48.97,489.7,Normal day,True
2024-02-11,09:00:00,43.03,430.3,Normal day,True
2024-02-11,09:30:00,42.94,429.4,Normal day,True
2024-02-11,10:00:00,49.03,490.3,Normal day,True
2024-02-11,10:30:00,52.52,525.2,Normal day,True
2024-02-11,11:00:00,39.42,394.2,Normal day,True
2024-02-11,11:30:00,38.51,385.1,Normal day,True
2024-02-11,12:00:00,36.49,364.9,Normal day,True
2024-02-11,12:30:00,34.7,347.0,Normal day,True
2024-02-11,13:00:00,34.89,348.9,Normal day,True
2024-02-11,13:30:00,41.23,412.3,Normal day,True
2024-02-11,14:00:00,37.11,371.1,Normal day,True
2024-02-11,14:30:00,39.56,395.6,Normal day,True
2024-02-11,15:00:00,37.33,373.3,Normal day,True
2024-02-11,15:30:00,33.66,336.6,Normal day,True
2024-02-11,16:00:00,39.76,397.6,Normal day,True
2024-02-11,16:30:00,31.6,316.0,Normal day,True
2024-02-11,17:00:00,33.66,336.6,Normal day,True
2024-02-11,17:30:00,24.8,248.0,Normal day,True
2024-02-11,18:00:00,50.44,504.4,Normal day,True
2024-02-11,18:30:00,45.13,451.3,Normal day,True
2024-02-11,19:00:00,48.47,484.7,Normal day,True
2024-02-11,19:30:00,59.96,599.6,Normal day,True
2024-02-11,20:00:00,52.72,527.2,Normal day,True
2024-02-11,20:30:00,66.13,661.3,Normal day,True
2024-02-11,21:00:00,63.43,634.3,Normal day,True
2024-02-11,21:30:00,56.79,567.9,Normal day,True
2024-02-11,22:00:00,54.25,542.5,Normal day,True
2024-02-11,22:30:00,58.8,588.0,Normal day,True
2024-02-11,23:00:00,4.89,48.9,Normal day,True
2024-02-11,23:30:00,5.67,56.7,Normal day,True
2024-02-12,00:00:00,12.0,120.0,Normal day,False
2024-02-12,00:30:00,6.67,66.7,Normal day,False
2024-02-12,01:00:00,9.1,91.0,Normal day,False
2024-02-12,01:30:00,4.57,45.7,Normal day,False
2024-02-12,02:00:00,11.85,118.5,Normal day,False
2024-02-12,02:30:00,7.59,75.9,Normal day,False
2024-02-12,03:00:00,5.01,50.1,Normal day,False
2024-02-12,03:30:00,7.74,77.4,Normal day,False
2024-02-12,04:00:00,11.6,116.0,Normal day,False
2024-02-12,04:30:00,6.76,67.6,Normal day,False
2024-02-12,05:00:00,27.06,270.6,Normal day,False
2024-02-12,05:30:00,25.5,255.0,Normal day,False
2024-02-12,06:00:00,31.06,310.6,Normal day,False
2024-02-12,06:30:00,27.33,273.3,Normal day,False
2024-02-12,07:00:00,26.75,267.5,Normal day,False
2024-02-12,07:30:00,30.7,307.0,Normal day,False
2024-02-12,08:00:00,35.39,353.9,Normal day,False
2024-02-12,08:30:00,33.01,330.1,Normal day,False
2024-02-12,09:00:00,8.94,89.4,Normal day,False
2024-02-12,09:30:00,9.7,97.0,Normal day,False
2024-02-12,10:00:00,15.12,151.2,Normal day,False
2024-02-12,10:30:00,15.5,155.0,Normal day,False
2024-02-12,11:00:00,10.02,100.2,Normal day,False
2024-02-12,11:30:00,14.82,148.2,Normal day,False
2024-02-12,12:00:00,35.64,356.4,Normal day,False
2024-02-12,12:30:00,35.88,358.8,Normal day,False
2024-02-12,13:00:00,40.42,404.2,Normal day,False
2024-02-12,13:30:00,26.85,268.5,Normal day,False
2024-02-12,14:00:00,16.7,167.0,Normal day,False
2024-02-12,14:30:00,21.6,216.0,Normal day,False
2024-02-12,15:00:00,14.99,149.9,Normal day,False
2024-02-12,15:30:00,14.45,144.5,Normal day,False
2024-02-12,16:00:00,18.09,180.9,Normal day,False
2024-02-12,16:30:00,21.15,211.5,Normal day,False
2024-02-12,17:00:00,18.05,180.5,Normal day,False
2024-02-12,17:30:00,16.07,160.7,Normal day,False
2024-02-12,18:00:00,40.44,404.4,Normal day,False
2024-02-12,18:30:00,45.18,451.8,Normal day,False
2024-02-12,19:00:00,52.6,526.0,Normal day,False
2024-02-12,19:30:00,56.66,566.6,Normal day,False
2024-02-12,20:00:00,39.94,399.4,Normal day,False
2024-02-12,20:30:00,55.77,557.7,Normal day,False
2024-02-12,21:00:00,58.19,581.9,Normal day,False
2024-02-12,21:30:00,60.24,602.4,Normal day,False
2024-02-12,22:00:00,10.51,105.1,Normal day,False
2024-02-12,22:30:00,8.04,80.4,Normal day,False
2024-02-12,23:00:00,5.33,53.3,Normal day,False
2024-02-12,23:30:00,4.22,42.2,Normal day,False
2024-02-13,00:00:00,12.23,122.3,Normal day,False
2024-02-13,00:30:00,4.22,42.2,Normal day,False
2024-02-13,01:00:00,11.66,116.6,Normal day,False
2024-02-13,01:30:00,8.5,85.0,Normal day,False
2024-02-13,02:00:00,7.88,78.8,Normal day,False
2024-02-13,02:30:00,5.44,54.4,Normal day,False
2024-02-13,03:00:00,8.65,86.5,Normal day,False
2024-02-13,03:30:00,4.63,46.3,Normal day,False
2024-02-13,04:00:00,4.95,49.5,Normal day,False
2024-02-13,04:30:00,10.65,106.5,Normal day,False
2024-02-13,05:00:00,27.63,276.3,Normal day,False
2024-02-13,05:30:00,33.4,334.0,Normal day,False
2024-02-13,06:00:00,30.89,308.9,Normal day,False
2024-02-13,06:30:00,32.35,323.5,Normal day,False
2024-02-13,07:00:00,35.54,355.4,Normal day,False
2024-02-13,07:30:00,32.45,324.5,Normal day,False
2024-02-13,08:00:00,23.61,236.1,Normal day,False
2024-02-13,08:30:00,26.75,267.5,Normal day,False
2024-02-13,09:00:00,12.73,127.3,Normal day,False
2024-02-13,09:30:00,14.26,142.6,Normal day,False
2024-02-13,10:00:00,8.67,86.7,Normal day,False
2024-02-13,10:30:00,15.26,152.6,Normal day,False
2024-02-13,11:00:00,13.62,136.2,Normal day,False
2024-02-13,11:30:00,11.75,117.5,Normal day,False
2024-02-13,12:00:00,24.1,241.0,Normal day,False
2024-02-13,12:30:00,35.52,355.2,Normal day,False
2024-02-13,13:00:00,34.86,348.6,Normal day,False
2024-02-13,13:30:00,29.23,292.3,Normal day,False
2024-02-13,14:00:00,11.32,113.2,Normal day,False
2024-02-13,14:30:00,11.17,111.7,Normal day,False
2024-02-13,15:00:00,13.72,137.2,Normal day,False
2024-02-13,15:30:00,15.42,154.2,Normal day,False
2024-02-13,16:00:00,11.33,113.3,Normal day,False
2024-02-13,16:30:00,19.88,198.8,Normal day,False
2024-02-13,17:00:00,16.16,161.6,Normal day,False
2024-02-13,17:30:00,18.1,181.0,Normal day,False
2024-02-13,18:00:00,55.06,550.6,Normal day,False
2024-02-13,18:30:00,43.8,438.0,Normal day,False
2024-02-13,19:00:00,43.69,436.9,Normal day,False
2024-02-13,19:30:00,38.43,384.3,Normal day,False
2024-02-13,20:00:00,45.1,451.0,Normal day,False
2024-02-13,20:30:00,39.79,397.9,Normal day,False
2024-02-13,21:00:00,53.32,533.2,Normal day,False
2024-02-13,21:30:00,42.97,429.7,Normal day,False
2024-02-13,22:00:00,6.97,69.7,Normal day,False
2024-02-13,22:30:00,9.19,91.9,Normal day,False
2024-02-13,23:00:00,10.01,100.1,Normal day,False
2024-02-13,23:30:00,6.11,61.1,Normal day,False
2024-02-14,00:00:00,11.73,117.3,Normal day,False
2024-02-14,00:30:00,7.54,75.4,Normal day,False
2024-02-14,01:00:00,5.36,53.6,Normal day,False
2024-02-14,01:30:00,8.36,83.6,Normal day,False
2024-02-14,02:00:00,7.89,78.9,Normal day,False
2024-02-14,02:30:00,11.58,115.8,Normal day,False
2024-02-14,03:00:00,4.64,46.4,Normal day,False
2024-02-14,03:30:00,5.93,59.3,Normal day,False
2024-02-14,04:00:00,10.72,107.2,Normal day,False
2024-02-14,04:30:00,12.27,122.7,Normal day,False
2024-02-14,05:00:00,34.52,345.2,Normal day,False
2024-02-14,05:30:00,34.04,340.4,Normal day,False
2024-02-14,06:00:00,23.59,235.9,Normal day,False
2024-02-14,06:30:00,28.54,285.4,Normal day,False
2024-02-14,07:00:00,38.34,383.4,Normal day,False
2024-02-14,07:30:00,29.96,299.6,Normal day,False
2024-02-14,08:00:00,34.89,348.9,Normal day,False
2024-02-14,08:30:00,37.25,372.5,Normal day,False
2024-02-14,09:00:00,16.74,167.4,Normal day,False
2024-02-14,09:30:00,9.04,90.4,Normal day,False
2024-02-14,10:00:00,10.97,109.7,Normal day,False
2024-02-14,10:30:00,15.37,153.7,Normal day,False
2024-02-14,11:00:00,10.36,103.6,Normal day,False
2024-02-14,11:30:00,12.93,129.3,Normal day,False
2024-02-14,12:00:00,38.82,388.2,Normal day,False
2024-02-14,12:30:00,32.34,323.4,Normal day,False
2024-02-14,13:00:00,34.74,347.4,Normal day,False
2024-02-14,13:30:00,29.52,295.2,Normal day,False
2024-02-14,14:00:00,13.26,132.6,Normal day,False
2024-02-14,14:30:00,20.45,204.5,Normal day,False
2024-02-14,15:00:00,18.02,180.2,Normal day,False
2024-02-14,15:30:00,8.35,83.5,Normal day,False
2024-02-14,16:00:00,10.46,104.6,Normal day,False
2024-02-14,16:30:00,13.33,133.3,Normal day,False
2024-02-14,17:00:00,12.02,120.2,Normal day,False
2024-02-14,17:30:00,12.9,129.0,Normal day,False
2024-02-14,18:00:00,41.21,412.1,Normal day,False
2024-02-14,18:30:00,49.04,490.4,Normal day,False
2024-02-14,19:00:00,51.24,512.4,Normal day,False
2024-02-14,19:30:00,37.96,379.6,Normal day,False
2024-02-14,20:00:00,51.2,512.0,Normal day,False
2024-02-14,20:30:00,39.07,390.7,Normal day,False
2024-02-14,21:00:00,57.14,571.4,Normal day,False
2024-02-14,21:30:00,50.0,500.0,Normal day,False
2024-02-14,22:00:00,6.5,65.0,Normal day,False
2024-02-14,22:30:00,12.09,120.9,Normal day,False
2024-02-14,23:00:00,9.04,90.4,Normal day,False
2024-02-14,23:30:00,9.49,94.9,Normal day,False
2024-02-15,00:00:00,8.21,82.1,Normal day,False
2024-02-15,00:30:00,12.15,121.5,Normal day,False
2024-02-15,01:00:00,10.25,102.5,Normal day,False
2024-02-15,01:30:00,6.56,65.6,Normal day,False
2024-02-15,02:00:00,10.88,108.8,Normal day,False
2024-02-15,02:30:00,11.54,115.4,Normal day,False
2024-02-15,03:00:00,7.37,73.7,Normal day,False
2024-02-15,03:30:00,13.01,130.1,Normal day,False
2024-02-15,04:00:00,11.5,115.0,Normal day,False
2024-02-15,04:30:00,6.51,65.1,Normal day,False
2024-02-15,05:00:00,27.34,273.4,Normal day,False
2024-02-15,05:30:00,27.94,279.4,Normal day,False
2024-02-15,06:00:00,33.01,330.1,Normal day,False
2024-02-15,06:30:00,31.24,312.4,Normal day,False
2024-02-15,07:00:00,34.18,341.8,Normal day,False
2024-02-15,07:30:00,25.33,253.3,Normal day,False
2024-02-15,08:00:00,23.44,234.4,Normal day,False
2024-02-15,08:30:00,24.63,246.3,Normal day,False
2024-02-15,09:00:00,13.69,136.9,Normal day,False
2024-02-15,09:30:00,11.83,118.3,Normal day,False
2024-02-15,10:00:00,11.14,111.4,Normal day,False
2024-02-15,10:30:00,9.41,94.1,Normal day,False
2024-02-15,11:00:00,16.52,165.2,Normal day,False
2024-02-15,11:30:00,10.25,102.5,Normal day,False
2024-02-15,12:00:00,39.23,392.3,Normal day,False
2024-02-15,12:30:00,40.21,402.1,Normal day,False
2024-02-15,13:00:00,38.02,380.2,Normal day,False
2024-02-15,13:30:00,25.93,259.3,Normal day,False
2024-02-15,14:00:00,16.28,162.8,Normal day,False
2024-02-15,14:30:00,14.48,144.8,Normal day,False
2024-02-15,15:00:00,8.41,84.1,Normal day,False
2024-02-15,15:30:00,16.29,162.9,Normal day,False
2024-02-15,16:00:00,14.57,145.7,Normal day,False
2024-02-15,16:30:00,18.0,180.0,Normal day,False
2024-02-15,17:00:00,15.48,154.8,Normal day,False
2024-02-15,17:30:00,15.23,152.3,Normal day,False
2024-02-15,18:00:00,42.1,421.0,Normal day,False
2024-02-15,18:30:00,40.05,400.5,Normal day,False
2024-02-15,19:00:00,48.46,484.6,Normal day,False
2024-02-15,19:30:00,41.84,418.4,Normal day,False
2024-02-15,20:00:00,42.2,422.0,Normal day,False
2024-02-15,20:30:00,59.93,599.3,Normal day,False
2024-02-15,21:00:00,44.42,444.2,Normal day,False
2024-02-15,21:30:00,49.17,491.7,Normal day,False
2024-02-15,22:00:00,7.75,77.5,Normal day,False
2024-02-15,22:30:00,6.5,65.0,Normal day,False
2024-02-15,23:00:00,7.04,70.4,Normal day,False
2024-02-15,23:30:00,9.48,94.8,Normal day,False
2024-02-16,00:00:00,10.63,106.3,Normal day,False
2024-02-16,00:30:00,11.61,116.1,Normal day,False
2024-02-16,01:00:00,10.52,105.2,Normal day,False
2024-02-16,01:30:00,7.99,79.9,Normal day,False
2024-02-16,02:00:00,4.27,42.7,Normal day,False
2024-02-16,02:30:00,7.51,75.1,Normal day,False
2024-02-16,03:00:00,9.43,94.3,Normal day,False
2024-02-16,03:30:00,8.38,83.8,Normal day,False
2024-02-16,04:00:00,4.35,43.5,Normal day,False
2024-02-16,04:30:00,10.23,102.3,Normal day,False
2024-02-16,05:00:00,27.53,275.3,Normal day,False
2024-02-16,05:30:00,32.99,329.9,Normal day,False
2024-02-16,06:00:00,30.8,308.0,Normal day,False
2024-02-16,06:30:00,26.09,260.9,Normal day,False
2024-02-16,07:00:00,25.29,252.9,Normal day,False
2024-02-16,07:30:00,24.13,241.3,Normal day,False
2024-02-16,08:00:00,27.95,279.5,Normal day,False
2024-02-16,08:30:00,28.75,287.5,Normal day,False
2024-02-16,09:00:00,14.97,149.7,Normal day,False
2024-02-16,09:30:00,17.23,172.3,Normal day,False
2024-02-16,10:00:00,12.49,124.9,Normal day,False
2024-02-16,10:30:00,14.52,145.2,Normal day,False
2024-02-16,11:00:00,9.14,91.4,Normal day,False
2024-02-16,11:30:00,10.4,104.0,Normal day,False
2024-02-16,12:00:00,30.08,300.8,Normal day,False
2024-02-16,12:30:00,26.93,269.3,Normal day,False
2024-02-16,13:00:00,35.41,354.1,Normal day,False
2024-02-16,13:30:00,27.56,275.6,Normal day,False
2024-02-16,14:00:00,17.82,178.2,Normal day,False
2024-02-16,14:30:00,9.09,90.9,Normal day,False
2024-02-16,15:00:00,18.71,187.1,Normal day,False
2024-02-16,15:30:00,14.21,142.1,Normal day,False
2024-02-16,16:00:00,13.67,136.7,Normal day,False
2024-02-16,16:30:00,12.63,126.3,Normal day,False
2024-02-16,17:00:00,17.19,171.9,Normal day,False
2024-02-16,17:30:00,13.3,133.0,Normal day,False
2024-02-16,18:00:00,53.56,535.6,Normal day,False
2024-02-16,18:30:00,49.15,491.5,Normal day,False
2024-02-16,19:00:00,57.54,575.4,Normal day,False
2024-02-16,19:30:00,45.65,456.5,Normal day,False
2024-02-16,20:00:00,47.06,470.6,Normal day,False
2024-02-16,20:30:00,44.14,441.4,Normal day,False
2024-02-16,21:00:00,45.74,457.4,Normal day,False
2024-02-16,21:30:00,58.9,589.0,Normal day,False
2024-02-16,22:00:00,6.65,66.5,Normal day,False
2024-02-16,22:30:00,6.04,60.4,Normal day,False
2024-02-16,23:00:00,4.14,41.4,Normal day,False
2024-02-16,23:30:00,7.87,78.7,Normal day,False
2024-02-17,00:00:00,12.29,122.9,Normal day,True
2024-02-17,00:30:00,10.94,109.4,Normal day,True
2024-02-17,01:00:00,5.42,54.2,Normal day,True
2024-02-17,01:30:00,10.83,108.3,Normal day,True
2024-02-17,02:00:00,8.87,88.7,Normal day,True
2024-02-17,02:30:00,4.54,45.4,Normal day,True
2024-02-17,03:00:00,6.09,60.9,Normal day,True
2024-02-17,03:30:00,9.78,97.8,Normal day,True
2024-02-17,04:00:00,8.31,83.1,Normal day,True
2024-02-17,04:30:00,5.34,53.4,Normal day,True
2024-02-17,05:00:00,7.08,70.8,Normal day,True
2024-02-17,05:30:00,4.37,43.7,Normal day,True
2024-02-17,06:00:00,8.54,85.4,Normal day,True
2024-02-17,06:30:00,5.9,59.0,Normal day,True
2024-02-17,07:00:00,49.02,490.2,Normal day,True
2024-02-17,07:30:00,42.75,427.5,Normal day,True
2024-02-17,08:00:00,45.19,451.9,Normal day,True
2024-02-17,08:30:00,42.61,426.1,Normal day,True
2024-02-17,09:00:00,44.77,447.7,Normal day,True
2024-02-17,09:30:00,50.63,506.3,Normal day,True
2024-02-17,10:00:00,55.5,555.0,Normal day,True
2024-02-17,10:30:00,52.22,522.2,Normal day,True
2024-02-17,11:00:00,26.97,269.7,Normal day,True
2024-02-17,11:30:00,25.75,257.5,Normal day,True
2024-02-17,12:00:00,30.99,309.9,Normal day,True
2024-02-17,12:30:00,27.72,277.2,Normal day,True
2024-02-17,13:00:00,46.47,464.7,Normal day,True
2024-02-17,13:30:00,40.91,409.1,Normal day,True
2024-02-17,14:00:00,39.75,397.5,Normal day,True
2024-02-17,14:30:00,43.35,433.5,Normal day,True
2024-02-17,15:00:00,35.41,354.1,Normal day,True
2024-02-17,15:30:00,31.57,315.7,Normal day,True
2024-02-17,16:00:00,44.2,442.0,Normal day,True
2024-02-17,16:30:00,28.54,285.4,Normal day,True
2024-02-17,17:00:00,37.94,379.4,Normal day,True
2024-02-17,17:30:00,37.28,372.8,Normal day,True
2024-02-17,18:00:00,46.3,463.0,Normal day,True
2024-02-17,18:30:00,56.84,568.4,Normal day,True
2024-02-17,19:00:00,53.44,534.4,Normal day,True
2024-02-17,19:30:00,66.68,666.8,Normal day,True
2024-02-17,20:00:00,53.83,538.3,Normal day,True
2024-02-17,20:30:00,58.13,581.3,Normal day,True
2024-02-17,21:00:00,49.11,491.1,Normal day,True
2024-02-17,21:30:00,59.39,593.9,Normal day,True
2024-02-17,22:00:00,48.63,486.3,Normal day,True
2024-02-17,22:30:00,49.76,497.6,Normal day,True
2024-02-17,23:00:00,5.84,58.4,Normal day,True
2024-02-17,23:30:00,10.82,108.2,Normal day,True
2024-02-18,00:00:00,2.36,23.6,Vacation,True
2024-02-18,00:30:00,0.94,9.4,Vacation,True
2024-02-18,01:00:00,0.96,9.6,Vacation,True
2024-02-18,01:30:00,0.78,7.8,Vacation,True
2024-02-18,02:00:00,0.85,8.5,Vacation,True
2024-02-18,02:30:00,1.67,16.7,Vacation,True
2024-02-18,03:00:00,0.99,9.9,Vacation,True
2024-02-18,03:30:00,1.66,16.6,Vacation,True
2024-02-18,04:00:00,2.1,21.0,Vacation,True
2024-02-18,04:30:00,2.04,20.4,Vacation,True
2024-02-18,05:00:00,1.84,18.4,Vacation,True
2024-02-18,05:30:00,1.82,18.2,Vacation,True
2024-02-18,06:00:00,1.7,17.0,Vacation,True
2024-02-18,06:30:00,1.68,16.8,Vacation,True
2024-02-18,07:00:00,8.23,82.3,Vacation,True
2024-02-18,07:30:00,9.63,96.3,Vacation,True
2024-02-18,08:00:00,9.44,94.4,Vacation,True
2024-02-18,08:30:00,9.7,97.0,Vacation,True
2024-02-18,09:00:00,9.17,91.7,Vacation,True
2024-02-18,09:30:00,11.25,112.5,Vacation,True
2024-02-18,10:00:00,9.4,94.0,Vacation,True
2024-02-18,10:30:00,9.76,97.6,Vacation,True
2024-02-18,11:00:00,6.04,60.4,Vacation,True
2024-02-18,11:30:00,7.42,74.2,Vacation,True
2024-02-18,12:00:00,6.44,64.4,Vacation,True
2024-02-18,12:30:00,7.23,72.3,Vacation,True
2024-02-18,13:00:00,7.47,74.7,Vacation,True
2024-02-18,13:30:00,9.4,94.0,Vacation,True
2024-02-18,14:00:00,8.4,84.0,Vacation,True
2024-02-18,14:30:00,8.15,81.5,Vacation,True
2024-02-18,15:00:00,8.47,84.7,Vacation,True
2024-02-18,15:30:00,7.32,73.2,Vacation,True
2024-02-18,16:00:00,7.38,73.8,Vacation,True
2024-02-18,16:30:00,5.98,59.8,Vacation,True
2024-02-18,17:00:00,7.89,78.9,Vacation,True
2024-02-18,17:30:00,6.35,63.5,Vacation,True
2024-02-18,18:00:00,9.36,93.6,Vacation,True
2024-02-18,18:30:00,11.05,110.5,Vacation,True
2024-02-18,19:00:00,13.89,138.9,Vacation,True
2024-02-18,19:30:00,11.55,115.5,Vacation,True
2024-02-18,20:00:00,8.83,88.3,Vacation,True
2024-02-18,20:30:00,11.2,112.0,Vacation,True
2024-02-18,21:00:00,12.62,126.2,Vacation,True
2024-02-18,21:30:00,12.16,121.6,Vacation,True
2024-02-18,22:00:00,11.85,118.5,Vacation,True
2024-02-18,22:30:00,10.95,109.5,Vacation,True
2024-02-18,23:00:00,1.83,18.3,Vacation,True
2024-02-18,23:30:00,1.45,14.5,Vacation,True
2024-02-19,00:00:00,4.55,45.5,Normal day,False
2024-02-19,00:30:00,7.04,70.4,Normal day,False
2024-02-19,01:00:00,9.37,93.7,Normal day,False
2024-02-19,01:30:00,4.45,44.5,Normal day,False
2024-02-19,02:00:00,10.53,105.3,Normal day,False
2024-02-19,02:30:00,9.76,97.6,Normal day,False
2024-02-19,03:00:00,10.17,101.7,Normal day,False
2024-02-19,03:30:00,3.92,39.2,Normal day,False
2024-02-19,04:00:00,5.11,51.1,Normal day,False
2024-02-19,04:30:00,4.01,40.1,Normal day,False
2024-02-19,05:00:00,26.83,268.3,Normal day,False
2024-02-19,05:30:00,23.43,234.3,Normal day,False
2024-02-19,06:00:00,26.63,266.3,Normal day,False
2024-02-19,06:30:00,26.55,265.5,Normal day,False
2024-02-19,07:00:00,26.95,269.5,Normal day,False
2024-02-19,07:30:00,36.75,367.5,Normal day,False
2024-02-19,08:00:00,34.09,340.9,Normal day,False
2024-02-19,08:30:00,27.68,276.8,Normal day,False
2024-02-19,09:00:00,12.17,121.7,Normal day,False
2024-02-19,09:30:00,11.72,117.2,Normal day,False
2024-02-19,10:00:00,12.71,127.1,Normal day,False
2024-02-19,10:30:00,14.91,149.1,Normal day,False
2024-02-19,11:00:00,12.82,128.2,Normal day,False
2024-02-19,11:30:00,8.92,89.2,Normal day,False
2024-02-19,12:00:00,28.79,287.9,Normal day,False
2024-02-19,12:30:00,37.53,375.3,Normal day,False
2024-02-19,13:00:00,35.88,358.8,Normal day,False
2024-02-19,13:30:00,30.67,306.7,Normal day,False
2024-02-19,14:00:00,12.39,123.9,Normal day,False
2024-02-19,14:30:00,12.84,128.4,Normal day,False
2024-02-19,15:00:00,9.96,99.6,Normal day,False
2024-02-19,15:30:00,13.91,139.1,Normal day,False
2024-02-19,16:00:00,10.2,102.0,Normal day,False
2024-02-19,16:30:00,17.54,175.4,Normal day,False
2024-02-19,17:00:00,8.49,84.9,Normal day,False
2024-02-19,17:30:00,13.34,133.4,Normal day,False
2024-02-19,18:00:00,52.86,528.6,Normal day,False
2024-02-19,18:30:00,46.18,461.8,Normal day,False
2024-02-19,19:00:00,58.42,584.2,Normal day,False
2024-02-19,19:30:00,46.99,469.9,Normal day,False
2024-02-19,20:00:00,45.89,458.9,Normal day,False
2024-02-19,20:30:00,53.67,536.7,Normal day,False
2024-02-19,21:00:00,40.11,401.1,Normal day,False
2024-02-19,21:30:00,48.78,487.8,Normal day,False
2024-02-19,22:00:00,5.06,50.6,Normal day,False
2024-02-19,22:30:00,9.87,98.7,Normal day,False
2024-02-19,23:00:00,8.04,80.4,Normal day,False
2024-02-19,23:30:00,5.11,51.1,Normal day,False
2024-02-20,00:00:00,8.77,87.7,Normal day,False
2024-02-20,00:30:00,9.78,97.8,Normal day,False
2024-02-20,01:00:00,9.92,99.2,Normal day,False
2024-02-20,01:30:00,5.7,57.0,Normal day,False
2024-02-20,02:00:00,9.73,97.3,Normal day,False
2024-02-20,02:30:00,11.02,110.2,Normal day,False
2024-02-20,03:00:00,5.95,59.5,Normal day,False
2024-02-20,03:30:00,10.89,108.9,Normal day,False
2024-02-20,04:00:00,5.16,51.6,Normal day,False
2024-02-20,04:30:00,6.43,64.3,Normal day,False
2024-02-20,05:00:00,28.61,286.1,Normal day,False
2024-02-20,05:30:00,38.48,384.8,Normal day,False
2024-02-20,06:00:00,36.13,361.3,Normal day,False
2024-02-20,06:30:00,27.75,277.5,Normal day,False
2024-02-20,07:00:00,29.93,299.3,Normal day,False
2024-02-20,07:30:00,32.34,323.4,Normal day,False
2024-02-20,08:00:00,35.12,351.2,Normal day,False
2024-02-20,08:30:00,29.97,299.7,Normal day,False
2024-02-20,09:00:00,10.79,107.9,Normal day,False
2024-02-20,09:30:00,14.63,146.3,Normal day,False
2024-02-20,10:00:00,10.61,106.1,Normal day,False
2024-02-20,10:30:00,15.05,150.5,Normal day,False
2024-02-20,11:00:00,12.91,129.1,Normal day,False
2024-02-20,11:30:00,11.43,114.3,Normal day,False
2024-02-20,12:00:00,34.14,341.4,Normal day,False
2024-02-20,12:30:00,36.89,368.9,Normal day,False
2024-02-20,13:00:00,24.63,246.3,Normal day,False
2024-02-20,13:30:00,30.7,307.0,Normal day,False
2024-02-20,14:00:00,16.71,167.1,Normal day,False
2024-02-20,14:30:00,12.03,120.3,Normal day,False
2024-02-20,15:00:00,18.08,180.8,Normal day,False
2024-02-20,15:30:00,18.5,185.0,Normal day,False
2024-02-20,16:00:00,11.82,118.2,Normal day,False
2024-02-20,16:30:00,14.57,145.7,Normal day,False
2024-02-20,17:00:00,8.75,87.5,Normal day,False
2024-02-20,17:30:00,14.65,146.5,Normal day,False
2024-02-20,18:00:00,49.31,493.1,Normal day,False
2024-02-20,18:30:00,53.84,538.4,Normal day,False
2024-02-20,19:00:00,48.72,487.2,Normal day,False
2024-02-20,19:30:00,46.02,460.2,Normal day,False
2024-02-20,20:00:00,40.04,400.4,Normal day,False
2024-02-20,20:30:00,53.32,533.2,Normal day,False
2024-02-20,21:00:00,47.89,478.9,Normal day,False
2024-02-20,21:30:00,41.53,415.3,Normal day,False
2024-02-20,22:00:00,10.62,106.2,Normal day,False
2024-02-20,22:30:00,10.23,102.3,Normal day,False
2024-02-20,23:00:00,9.72,97.2,Normal day,False
2024-02-20,23:30:00,7.72,77.2,Normal day,False
2024-02-21,00:00:00,5.26,52.6,Normal day,False
2024-02-21,00:30:00,4.71,47.1,Normal day,False
2024-02-21,01:00:00,12.72,127.2,Normal day,False
2024-02-21,01:30:00,11.03,110.3,Normal day,False
2024-02-21,02:00:00,6.86,68.6,Normal day,False
2024-02-21,02:30:00,9.81,98.1,Normal day,False
2024-02-21,03:00:00,9.64,96.4,Normal day,False
2024-02-21,03:30:00,9.52,95.2,Normal day,False
2024-02-21,04:00:00,10.27,102.7,Normal day,False
2024-02-21,04:30:00,11.06,110.6,Normal day,False
2024-02-21,05:00:00,36.15,361.5,Normal day,False
2024-02-21,05:30:00,28.72,287.2,Normal day,False
2024-02-21,06:00:00,33.3,333.0,Normal day,False
2024-02-21,06:30:00,26.81,268.1,Normal day,False
2024-02-21,07:00:00,31.69,316.9,Normal day,False
2024-02-21,07:30:00,32.27,322.7,Normal day,False
2024-02-21,08:00:00,29.9,299.0,Normal day,False
2024-02-21,08:30:00,31.79,317.9,Normal day,False
2024-02-21,09:00:00,14.55,145.5,Normal day,False
2024-02-21,09:30:00,13.21,132.1,Normal day,False
2024-02-21,10:00:00,8.8,88.0,Normal day,False
2024-02-21,10:30:00,13.07,130.7,Normal day,False
2024-02-21,11:00:00,10.0,100.0,Normal day,False
2024-02-21,11:30:00,10.52,105.2,Normal day,False
2024-02-21,12:00:00,29.19,291.9,Normal day,False
2024-02-21,12:30:00,30.07,300.7,Normal day,False
2024-02-21,13:00:00,30.93,309.3,Normal day,False
2024-02-21,13:30:00,31.6,316.0,Normal day,False
2024-02-21,14:00:00,12.91,129.1,Normal day,False
2024-02-21,14:30:00,14.46,144.6,Normal day,False
2024-02-21,15:00:00,10.77,107.7,Normal day,False
2024-02-21,15:30:00,14.49,144.9,Normal day,False
2024-02-21,16:00:00,21.04,210.4,Normal day,False
2024-02-21,16:30:00,13.14,131.4,Normal day,False
2024-02-21,17:00:00,16.99,169.9,Normal day,False
2024-02-21,17:30:00,15.8,158.0,Normal day,False
2024-02-21,18:00:00,49.24,492.4,Normal day,False
2024-02-21,18:30:00,45.98,459.8,Normal day,False
2024-02-21,19:00:00,43.31,433.1,Normal day,False
2024-02-21,19:30:00,47.81,478.1,Normal day,False
2024-02-21,20:00:00,51.29,512.9,Normal day,False
2024-02-21,20:30:00,40.05,400.5,Normal day,False
2024-02-21,21:00:00,55.27,552.7,Normal day,False
2024-02-21,21:30:00,43.45,434.5,Normal day,False
2024-02-21,22:00:00,5.86,58.6,Normal day,False
2024-02-21,22:30:00,9.39,93.9,Normal day,False
2024-02-21,23:00:00,8.64,86.4,Normal day,False
2024-02-21,23:30:00,11.82,118.2,Normal day,False
2024-02-22,00:00:00,2.39,23.9,Visitors; Vacation,False
2024-02-22,00:30:00,1.89,18.9,Visitors; Vacation,False
2024-02-22,01:00:00,3.03,30.3,Visitors; Vacation,False
2024-02-22,01:30:00,1.59,15.9,Visitors; Vacation,False
2024-02-22,02:00:00,1.88,18.8,Visitors; Vacation,False
2024-02-22,02:30:00,1.63,16.3,Visitors; Vacation,False
2024-02-22,03:00:00,1.98,19.8,Visitors; Vacation,False
2024-02-22,03:30:00,1.51,15.1,Visitors; Vacation,False
2024-02-22,04:00:00,2.2,22.0,Visitors; Vacation,False
2024-02-22,04:30:00,1.62,16.2,Visitors; Vacation,False
2024-02-22,05:00:00,9.06,90.6,Visitors; Vacation,False
2024-02-22,05:30:00,9.39,93.9,Visitors; Vacation,False
2024-02-22,06:00:00,9.25,92.5,Visitors; Vacation,False
2024-02-22,06:30:00,8.61,86.1,Visitors; Vacation,False
2024-02-22,07:00:00,6.68,66.8,Visitors; Vacation,False
2024-02-22,07:30:00,7.37,73.7,Visitors; Vacation,False
2024-02-22,08:00:00,9.72,97.2,Visitors; Vacation,False
2024-02-22,08:30:00,7.57,75.7,Visitors; Vacation,False
2024-02-22,09:00:00,2.58,25.8,Visitors; Vacation,False
2024-02-22,09:30:00,2.89,28.9,Visitors; Vacation,False
2024-02-22,10:00:00,4.18,41.8,Visitors; Vacation,False
2024-02-22,10:30:00,3.04,30.4,Visitors; Vacation,False
2024-02-22,11:00:00,2.45,24.5,Visitors; Vacation,False
2024-02-22,11:30:00,2.15,21.5,Visitors; Vacation,False
2024-02-22,12:00:00,9.38,93.8,Visitors; Vacation,False
2024-02-22,12:30:00,8.12,81.2,Visitors; Vacation,False
2024-02-22,13:00:00,9.5,95.0,Visitors; Vacation,False
2024-02-22,13:30:00,6.94,69.4,Visitors; Vacation,False
2024-02-22,14:00:00,4.04,40.4,Visitors; Vacation,False
2024-02-22,14:30:00,2.92,29.2,Visitors; Vacation,False
2024-02-22,15:00:00,3.21,32.1,Visitors; Vacation,False
2024-02-22,15:30:00,2.78,27.8,Visitors; Vacation,False
2024-02-22,16:00:00,2.37,23.7,Visitors; Vacation,False
2024-02-22,16:30:00,4.77,47.7,Visitors; Vacation,False
2024-02-22,17:00:00,2.19,21.9,Visitors; Vacation,False
2024-02-22,17:30:00,3.12,31.2,Visitors; Vacation,False
2024-02-22,18:00:00,14.33,143.3,Visitors; Vacation,False
2024-02-22,18:30:00,13.8,138.0,Visitors; Vacation,False
2024-02-22,19:00:00,13.05,130.5,Visitors; Vacation,False
2024-02-22,19:30:00,13.83,138.3,Visitors; Vacation,False
2024-02-22,20:00:00,11.68,116.8,Visitors; Vacation,False
2024-02-22,20:30:00,10.97,109.7,Visitors; Vacation,False
2024-02-22,21:00:00,11.45,114.5,Visitors; Vacation,False
2024-02-22,21:30:00,14.01,140.1,Visitors; Vacation,False
2024-02-22,22:00:00,1.4,14.0,Visitors; Vacation,False
2024-02-22,22:30:00,1.68,16.8,Visitors; Vacation,False
2024-02-22,23:00:00,1.09,10.9,Visitors; Vacation,False
2024-02-22,23:30:00,1.03,10.3,Visitors; Vacation,False
2024-02-23,00:00:00,10.86,108.6,Normal day,False
2024-02-23,00:30:00,5.89,58.9,Normal day,False
2024-02-23,01:00:00,8.75,87.5,Normal day,False
2024-02-23,01:30:00,5.17,51.7,Normal day,False
2024-02-23,02:00:00,9.73,97.3,Normal day,False
2024-02-23,02:30:00,7.86,78.6,Normal day,False
2024-02-23,03:00:00,7.48,74.8,Normal day,False
2024-02-23,03:30:00,6.08,60.8,Normal day,False
2024-02-23,04:00:00,8.27,82.7,Normal day,False
2024-02-23,04:30:00,9.27,92.7,Normal day,False
2024-02-23,05:00:00,36.92,369.2,Normal day,False
2024-02-23,05:30:00,28.09,280.9,Normal day,False
2024-02-23,06:00:00,36.34,363.4,Normal day,False
2024-02-23,06:30:00,36.16,361.6,Normal day,False
2024-02-23,07:00:00,29.84,298.4,Normal day,False
2024-02-23,07:30:00,33.01,330.1,Normal day,False
2024-02-23,08:00:00,26.53,265.3,Normal day,False
2024-02-23,08:30:00,31.66,316.6,Normal day,False
2024-02-23,09:00:00,11.69,116.9,Normal day,False
2024-02-23,09:30:00,12.57,125.7,Normal day,False
2024-02-23,10:00:00,9.21,92.1,Normal day,False
2024-02-23,10:30:00,9.19,91.9,Normal day,False
2024-02-23,11:00:00,9.8,98.0,Normal day,False
2024-02-23,11:30:00,11.44,114.4,Normal day,False
2024-02-23,12:00:00,32.65,326.5,Normal day,False
2024-02-23,12:30:00,33.34,333.4,Normal day,False
2024-02-23,13:00:00,29.17,291.7,Normal day,False
2024-02-23,13:30:00,30.87,308.7,Normal day,False
2024-02-23,14:00:00,20.43,204.3,Normal day,False
2024-02-23,14:30:00,20.25,202.5,Normal day,False
2024-02-23,15:00:00,11.84,118.4,Normal day,False
2024-02-23,15:30:00,13.63,136.3,Normal day,False
2024-02-23,16:00:00,10.04,100.4,Normal day,False
2024-02-23,16:30:00,15.11,151.1,Normal day,False
2024-02-23,17:00:00,19.05,190.5,Normal day,False
2024-02-23,17:30:00,13.47,134.7,Normal day,False
2024-02-23,18:00:00,53.81,538.1,Normal day,False
2024-02-23,18:30:00,52.52,525.2,Normal day,False
2024-02-23,19:00:00,45.44,454.4,Normal day,False
2024-02-23,19:30:00,58.98,589.8,Normal day,False
2024-02-23,20:00:00,57.28,572.8,Normal day,False
2024-02-23,20:30:00,48.93,489.3,Normal day,False
2024-02-23,21:00:00,42.44,424.4,Normal day,False
2024-02-23,21:30:00,41.33,413.3,Normal day,False
2024-02-23,22:00:00,5.74,57.4,Normal day,False
2024-02-23,22:30:00,11.58,115.8,Normal day,False
2024-02-23,23:00:00,4.69,46.9,Normal day,False
2024-02-23,23:30:00,9.18,91.8,Normal day,False
2024-02-24,00:00:00,6.86,68.6,Normal day,True
2024-02-24,00:30:00,5.78,57.8,Normal day,True
2024-02-24,01:00:00,9.32,93.2,Normal day,True
2024-02-24,01:30:00,6.35,63.5,Normal day,True
2024-02-24,02:00:00,5.63,56.3,Normal day,True
2024-02-24,02:30:00,5.24,52.4,Normal day,True
2024-02-24,03:00:00,4.16,41.6,Normal day,True
2024-02-24,03:30:00,6.36,63.6,Normal day,True
2024-02-24,04:00:00,7.44,74.4,Normal day,True
2024-02-24,04:30:00,5.4,54.0,Normal day,True
2024-02-24,05:00:00,6.7,67.0,Normal day,True
2024-02-24,05:30:00,8.04,80.4,Normal day,True
2024-02-24,06:00:00,4.22,42.2,Normal day,True
2024-02-24,06:30:00,5.58,55.8,Normal day,True
2024-02-24,07:00:00,59.88,598.8,Normal day,True
2024-02-24,07:30:00,43.44,434.4,Normal day,True
2024-02-24,08:00:00,57.11,571.1,Normal day,True
2024-02-24,08:30:00,43.7,437.0,Normal day,True
2024-02-24,09:00:00,50.63,506.3,Normal day,True
2024-02-24,09:30:00,41.4,414.0,Normal day,True
2024-02-24,10:00:00,41.34,413.4,Normal day,True
2024-02-24,10:30:00,45.32,453.2,Normal day,True
2024-02-24,11:00:00,34.51,345.1,Normal day,True
2024-02-24,11:30:00,39.41,394.1,Normal day,True
2024-02-24,12:00:00,39.92,399.2,Normal day,True
2024-02-24,12:30:00,32.07,320.7,Normal day,True
2024-02-24,13:00:00,49.29,492.9,Normal day,True
2024-02-24,13:30:00,43.1,431.0,Normal day,True
2024-02-24,14:00:00,39.58,395.8,Normal day,True
2024-02-24,14:30:00,36.08,360.8,Normal day,True
2024-02-24,15:00:00,26.88,268.8,Normal day,True
2024-02-24,15:30:00,40.86,408.6,Normal day,True
2024-02-24,16:00:00,35.02,350.2,Normal day,True
2024-02-24,16:30:00,27.88,278.8,Normal day,True
2024-02-24,17:00:00,22.77,227.7,Normal day,True
2024-02-24,17:30:00,38.92,389.2,Normal day,True
2024-02-24,18:00:00,66.57,665.7,Normal day,True
2024-02-24,18:30:00,52.41,524.1,Normal day,True
2024-02-24,19:00:00,57.23,572.3,Normal day,True
2024-02-24,19:30:00,53.14,531.4,Normal day,True
2024-02-24,20:00:00,52.09,520.9,Normal day,True
2024-02-24,20:30:00,61.05,610.5,Normal day,True
2024-02-24,21:00:00,60.19,601.9,Normal day,True
2024-02-24,21:30:00,69.6,696.0,Normal day,True
2024-02-24,22:00:00,54.91,549.1,Normal day,True
2024-02-24,22:30:00,56.84,568.4,Normal day,True
2024-02-24,23:00:00,4.02,40.2,Normal day,True
2024-02-24,23:30:00,6.58,65.8,Normal day,True
2024-02-25,00:00:00,4.3,43.0,Normal day,True
2024-02-25,00:30:00,12.56,125.6,Normal day,True
2024-02-25,01:00:00,9.99,99.9,Normal day,True
2024-02-25,01:30:00,7.68,76.8,Normal day,True
2024-02-25,02:00:00,8.93,89.3,Normal day,True
2024-02-25,02:30:00,8.75,87.5,Normal day,True
2024-02-25,03:00:00,4.18,41.8,Normal day,True
2024-02-25,03:30:00,10.01,100.1,Normal day,True
2024-02-25,04:00:00,4.33,43.3,Normal day,True
2024-02-25,04:30:00,6.65,66.5,Normal day,True
2024-02-25,05:00:00,6.5,65.0,Normal day,True
2024-02-25,05:30:00,5.89,58.9,Normal day,True
2024-02-25,06:00:00,6.54,65.4,Normal day,True
2024-02-25,06:30:00,8.86,88.6,Normal day,True
2024-02-25,07:00:00,55.82,558.2,Normal day,True
2024-02-25,07:30:00,58.04,580.4,Normal day,True
2024-02-25,08:00:00,45.76,457.6,Normal day,True
2024-02-25,08:30:00,53.67,536.7,Normal day,True
2024-02-25,09:00:00,42.23,422.3,Normal day,True
2024-02-25,09:30:00,50.87,508.7,Normal day,True
2024-02-25,10:00:00,47.71,477.1,Normal day,True
2024-02-25,10:30:00,56.93,569.3,Normal day,True
2024-02-25,11:00:00,26.66,266.6,Normal day,True
2024-02-25,11:30:00,29.78,297.8,Normal day,True
2024-02-25,12:00:00,27.85,278.5,Normal day,True
2024-02-25,12:30:00,30.85,308.5,Normal day,True
2024-02-25,13:00:00,49.96,499.6,Normal day,True
2024-02-25,13:30:00,34.2,342.0,Normal day,True
2024-02-25,14:00:00,34.07,340.7,Normal day,True
2024-02-25,14:30:00,41.34,413.4,Normal day,True
2024-02-25,15:00:00,31.75,317.5,Normal day,True
2024-02-25,15:30:00,31.34,313.4,Normal day,True
2024-02-25,16:00:00,37.92,379.2,Normal day,True
2024-02-25,16:30:00,39.76,397.6,Normal day,True
2024-02-25,17:00:00,37.6,376.0,Normal day,True
2024-02-25,17:30:00,30.7,307.0,Normal day,True
2024-02-25,18:00:00,64.14,641.4,Normal day,True
2024-02-25,18:30:00,57.17,571.7,Normal day,True
2024-02-25,19:00:00,56.94,569.4,Normal day,True
2024-02-25,19:30:00,54.7,547.0,Normal day,True
2024-02-25,20:00:00,61.4,614.0,Normal day,True
2024-02-25,20:30:00,63.42,634.2,Normal day,True
2024-02-25,21:00:00,54.52,545.2,Normal day,True
2024-02-25,21:30:00,66.77,667.7,Normal day,True
2024-02-25,22:00:00,54.39,543.9,Normal day,True
2024-02-25,22:30:00,56.9,569.0,Normal day,True
2024-02-25,23:00:00,5.38,53.8,Normal day,True
2024-02-25,23:30:00,10.52,105.2,Normal day,True
2024-02-26,00:00:00,7.91,79.1,Normal day,False
2024-02-26,00:30:00,9.23,92.3,Normal day,False
2024-02-26,01:00:00,3.72,37.2,Normal day,False
2024-02-26,01:30:00,7.29,72.9,Normal day,False
2024-02-26,02:00:00,5.18,51.8,Normal day,False
2024-02-26,02:30:00,10.85,108.5,Normal day,False
2024-02-26,03:00:00,5.15,51.5,Normal day,False
2024-02-26,03:30:00,5.93,59.3,Normal day,False
2024-02-26,04:00:00,11.14,111.4,Normal day,False
2024-02-26,04:30:00,3.77,37.7,Normal day,False
2024-02-26,05:00:00,26.0,260.0,Normal day,False
2024-02-26,05:30:00,34.68,346.8,Normal day,False
2024-02-26,06:00:00,26.7,267.0,Normal day,False
2024-02-26,06:30:00,36.04,360.4,Normal day,False
2024-02-26,07:00:00,32.25,322.5,Normal day,False
2024-02-26,07:30:00,30.98,309.8,Normal day,False
2024-02-26,08:00:00,30.98,309.8,Normal day,False
2024-02-26,08:30:00,26.14,261.4,Normal day,False
2024-02-26,09:00:00,14.02,140.2,Normal day,False
2024-02-26,09:30:00,16.53,165.3,Normal day,False
2024-02-26,10:00:00,13.06,130.6,Normal day,False
2024-02-26,10:30:00,9.43,94.3,Normal day,False
2024-02-26,11:00:00,7.76,77.6,Normal day,False
2024-02-26,11:30:00,10.06,100.6,Normal day,False
2024-02-26,12:00:00,35.62,356.2,Normal day,False
2024-02-26,12:30:00,36.21,362.1,Normal day,False
2024-02-26,13:00:00,34.87,348.7,Normal day,False
2024-02-26,13:30:00,35.83,358.3,Normal day,False
2024-02-26,14:00:00,11.38,113.8,Normal day,False
2024-02-26,14:30:00,17.21,172.1,Normal day,False
2024-02-26,15:00:00,17.44,174.4,Normal day,False
2024-02-26,15:30:00,9.65,96.5,Normal day,False
2024-02-26,16:00:00,8.28,82.8,Normal day,False
2024-02-26,16:30:00,15.57,155.7,Normal day,False
2024-02-26,17:00:00,10.72,107.2,Normal day,False
2024-02-26,17:30:00,7.98,79.8,Normal day,False
2024-02-26,18:00:00,45.05,450.5,Normal day,False
2024-02-26,18:30:00,46.6,466.0,Normal day,False
2024-02-26,19:00:00,53.84,538.4,Normal day,False
2024-02-26,19:30:00,60.15,601.5,Normal day,False
2024-02-26,20:00:00,53.51,535.1,Normal day,False
2024-02-26,20:30:00,44.81,448.1,Normal day,False
2024-02-26,21:00:00,45.68,456.8,Normal day,False
2024-02-26,21:30:00,41.56,415.6,Normal day,False
2024-02-26,22:00:00,9.25,92.5,Normal day,False
2024-02-26,22:30:00,10.79,107.9,Normal day,False
2024-02-26,23:00:00,5.77,57.7,Normal day,False
2024-02-26,23:30:00,8.27,82.7,Normal day,False
2024-02-27,00:00:00,9.37,93.7,Normal day,False
2024-02-27,00:30:00,9.57,95.7,Normal day,False
2024-02-27,01:00:00,6.51,65.1,Normal day,False
2024-02-27,01:30:00,11.09,110.9,Normal day,False
2024-02-27,02:00:00,10.97,109.7,Normal day,False
2024-02-27,02:30:00,8.76,87.6,Normal day,False
2024-02-27,03:00:00,6.97,69.7,Normal day,False
2024-02-27,03:30:00,6.3,63.0,Normal day,False
2024-02-27,04:00:00,10.49,104.9,Normal day,False
2024-02-27,04:30:00,4.66,46.6,Normal day,False
2024-02-27,05:00:00,29.27,292.7,Normal day,False
2024-02-27,05:30:00,30.08,300.8,Normal day,False
2024-02-27,06:00:00,35.91,359.1,Normal day,False
2024-02-27,06:30:00,29.45,294.5,Normal day,False
2024-02-27,07:00:00,33.96,339.6,Normal day,False
2024-02-27,07:30:00,29.54,295.4,Normal day,False
2024-02-27,08:00:00,29.61,296.1,Normal day,False
2024-02-27,08:30:00,23.82,238.2,Normal day,False
2024-02-27,09:00:00,15.21,152.1,Normal day,False
2024-02-27,09:30:00,11.95,119.5,Normal day,False
2024-02-27,10:00:00,15.51,155.1,Normal day,False
2024-02-27,10:30:00,14.23,142.3,Normal day,False
2024-02-27,11:00:00,14.34,143.4,Normal day,False
2024-02-27,11:30:00,13.01,130.1,Normal day,False
2024-02-27,12:00:00,27.95,279.5,Normal day,False
2024-02-27,12:30:00,40.42,404.2,Normal day,False
2024-02-27,13:00:00,41.1,411.0,Normal day,False
2024-02-27,13:30:00,29.58,295.8,Normal day,False
2024-02-27,14:00:00,15.08,150.8,Normal day,False
2024-02-27,14:30:00,18.65,186.5,Normal day,False
2024-02-27,15:00:00,8.73,87.3,Normal day,False
2024-02-27,15:30:00,11.97,119.7,Normal day,False
2024-02-27,16:00:00,13.23,132.3,Normal day,False
2024-02-27,16:30:00,12.96,129.6,Normal day,False
2024-02-27,17:00:00,13.61,136.1,Normal day,False
2024-02-27,17:30:00,9.15,91.5,Normal day,False
2024-02-27,18:00:00,44.02,440.2,Normal day,False
2024-02-27,18:30:00,43.47,434.7,Normal day,False
2024-02-27,19:00:00,54.02,540.2,Normal day,False
2024-02-27,19:30:00,55.82,558.2,Normal day,False
2024-02-27,20:00:00,56.81,568.1,Normal day,False
2024-02-27,20:30:00,57.88,578.8,Normal day,False
2024-02-27,21:00:00,42.63,426.3,Normal day,False
2024-02-27,21:30:00,51.18,511.8,Normal day,False
2024-02-27,22:00:00,5.04,50.4,Normal day,False
2024-02-27,22:30:00,9.69,96.9,Normal day,False
2024-02-27,23:00:00,4.27,42.7,Normal day,False
2024-02-27,23:30:00,4.89,48.9,Normal day,False
2024-02-28,00:00:00,10.71,107.1,Normal day,False
2024-02-28,00:30:00,6.69,66.9,Normal day,False
2024-02-28,01:00:00,4.92,49.2,Normal day,False
2024-02-28,01:30:00,11.02,110.2,Normal day,False
2024-02-28,02:00:00,10.87,108.7,Normal day,False
2024-02-28,02:30:00,7.6,76.0,Normal day,False
2024-02-28,03:00:00,4.22,42.2,Normal day,False
2024-02-28,03:30:00,10.33,103.3,Normal day,False
2024-02-28,04:00:00,4.18,41.8,Normal day,False
2024-02-28,04:30:00,4.4,44.0,Normal day,False
2024-02-28,05:00:00,28.22,282.2,Normal day,False
2024-02-28,05:30:00,32.98,329.8,Normal day,False
2024-02-28,06:00:00,31.37,313.7,Normal day,False
2024-02-28,06:30:00,31.39,313.9,Normal day,False
2024-02-28,07:00:00,24.57,245.7,Normal day,False
2024-02-28,07:30:00,32.52,325.2,Normal day,False
2024-02-28,08:00:00,31.2,312.0,Normal day,False
2024-02-28,08:30:00,31.93,319.3,Normal day,False
2024-02-28,09:00:00,8.78,87.8,Normal day,False
2024-02-28,09:30:00,9.43,94.3,Normal day,False
2024-02-28,10:00:00,14.39,143.9,Normal day,False
2024-02-28,10:30:00,13.88,138.8,Normal day,False
2024-02-28,11:00:00,12.32,123.2,Normal day,False
2024-02-28,11:30:00,8.21,82.1,Normal day,False
2024-02-28,12:00:00,29.78,297.8,Normal day,False
2024-02-28,12:30:00,26.0,260.0,Normal day,False
2024-02-28,13:00:00,33.78,337.8,Normal day,False
2024-02-28,13:30:00,35.89,358.9,Normal day,False
2024-02-28,14:00:00,18.69,186.9,Normal day,False
2024-02-28,14:30:00,9.94,99.4,Normal day,False
2024-02-28,15:00:00,16.92,169.2,Normal day,False
2024-02-28,15:30:00,14.04,140.4,Normal day,False
2024-02-28,16:00:00,20.19,201.9,Normal day,False
2024-02-28,16:30:00,10.52,105.2,Normal day,False
2024-02-28,17:00:00,20.13,201.3,Normal day,False
2024-02-28,17:30:00,10.65,106.5,Normal day,False
2024-02-28,18:00:00,48.32,483.2,Normal day,False
2024-02-28,18:30:00,40.08,400.8,Normal day,False
2024-02-28,19:00:00,43.69,436.9,Normal day,False
2024-02-28,19:30:00,43.6,436.0,Normal day,False
2024-02-28,20:00:00,40.8,408.0,Normal day,False
2024-02-28,20:30:00,54.93,549.3,Normal day,False
2024-02-28,21:00:00,49.04,490.4,Normal day,False
2024-02-28,21:30:00,47.01,470.1,Normal day,False
2024-02-28,22:00:00,9.07,90.7,Normal day,False
2024-02-28,22:30:00,7.26,72.6,Normal day,False
2024-02-28,23:00:00,11.7,117.0,Normal day,False
2024-02-28,23:30:00,10.37,103.7,Normal day,False
2024-02-29,00:00:00,12.72,127.2,Normal day,False
2024-02-29,00:30:00,9.85,98.5,Normal day,False
2024-02-29,01:00:00,10.15,101.5,Normal day,False
2024-02-29,01:30:00,7.48,74.8,Normal day,False
2024-02-29,02:00:00,9.91,99.1,Normal day,False
2024-02-29,02:30:00,7.38,73.8,Normal day,False
2024-02-29,03:00:00,5.85,58.5,Normal day,False
2024-02-29,03:30:00,7.79,77.9,Normal day,False
2024-02-29,04:00:00,4.95,49.5,Normal day,False
2024-02-29,04:30:00,10.69,106.9,Normal day,False
2024-02-29,05:00:00,34.61,346.1,Normal day,False
2024-02-29,05:30:00,25.92,259.2,Normal day,False
2024-02-29,06:00:00,32.45,324.5,Normal day,False
2024-02-29,06:30:00,23.69,236.9,Normal day,False
2024-02-29,07:00:00,34.23,342.3,Normal day,False
2024-02-29,07:30:00,29.51,295.1,Normal day,False
2024-02-29,08:00:00,35.32,353.2,Normal day,False
2024-02-29,08:30:00,26.69,266.9,Normal day,False
2024-02-29,09:00:00,16.86,168.6,Normal day,False
2024-02-29,09:30:00,11.16,111.6,Normal day,False
2024-02-29,10:00:00,15.24,152.4,Normal day,False
2024-02-29,10:30:00,9.98,99.8,Normal day,False
2024-02-29,11:00:00,13.14,131.4,Normal day,False
2024-02-29,11:30:00,16.17,161.7,Normal day,False
2024-02-29,12:00:00,40.58,405.8,Normal day,False
2024-02-29,12:30:00,39.89,398.9,Normal day,False
2024-02-29,13:00:00,29.03,290.3,Normal day,False
2024-02-29,13:30:00,32.99,329.9,Normal day,False
2024-02-29,14:00:00,17.64,176.4,Normal day,False
2024-02-29,14:30:00,17.26,172.6,Normal day,False
2024-02-29,15:00:00,7.59,75.9,Normal day,False
2024-02-29,15:30:00,12.53,125.3,Normal day,False
2024-02-29,16:00:00,19.08,190.8,Normal day,False
2024-02-29,16:30:00,18.28,182.8,Normal day,False
2024-02-29,17:00:00,8.92,89.2,Normal day,False
2024-02-29,17:30:00,10.21,102.1,Normal day,False
2024-02-29,18:00:00,51.09,510.9,Normal day,False
2024-02-29,18:30:00,46.58,465.8,Normal day,False
2024-02-29,19:00:00,54.43,544.3,Normal day,False
2024-02-29,19:30:00,46.91,469.1,Normal day,False
2024-02-29,20:00:00,46.07,460.7,Normal day,False
2024-02-29,20:30:00,39.18,391.8,Normal day,False
2024-02-29,21:00:00,47.4,474.0,Normal day,False
2024-02-29,21:30:00,44.89,448.9,Normal day,False
2024-02-29,22:00:00,6.26,62.6,Normal day,False
2024-02-29,22:30:00,4.96,49.6,Normal day,False
2024-02-29,23:00:00,8.65,86.5,Normal day,False
2024-02-29,23:30:00,6.22,62.2,Normal day,False
